anon_polygon_id,date,primary_ndvi_pred
AOI-0001,2010-08-29,0.24598226784986965
AOI-0001,2010-10-25,0.16543990059388775
AOI-0001,2011-06-13,0.69457217750226885
AOI-0001,2011-09-18,0.26736392234366585
AOI-0001,2011-09-26,0.29592669496204055
AOI-0001,2011-09-30,0.39435182126948209
AOI-0001,2012-05-24,0.72997785598527309
AOI-0001,2012-07-09,0.26826356444701327
AOI-0001,2012-07-11,0.3159587913576396
AOI-0001,2012-08-10,0.19779780891630805
AOI-0001,2012-08-12,0.25860674286472457
AOI-0001,2012-10-15,0.30523091911884248
AOI-0001,2013-05-01,0.82886029921532833
AOI-0001,2013-07-12,0.31279126383810973
AOI-0001,2013-09-30,0.55701159266517519
AOI-0001,2014-04-18,0.22792582063318423
AOI-0001,2014-05-25,0.59780069926354285
AOI-0001,2014-06-26,0.75203724670497907
AOI-0001,2014-07-15,0.76150565406066195
AOI-0001,2014-07-28,0.63921367289544784
AOI-0001,2014-08-09,0.43170163909856807
AOI-0001,2014-08-13,0.42725217461755816
AOI-0001,2014-10-03,0.22552879316399405
AOI-0001,2014-10-16,0.29520494076198345
AOI-0001,2015-04-13,0.44156786668078241
AOI-0001,2015-08-11,0.20062531580488566
AOI-0001,2015-08-12,0.20097977135410375
AOI-0001,2015-08-27,0.20520182844739876
AOI-0001,2015-09-20,0.17617620342156659
AOI-0001,2015-09-28,0.177706280598042
AOI-0001,2016-06-27,0.29130566894619536
AOI-0001,2016-07-04,0.29055940308554723
AOI-0001,2016-07-20,0.29902029100886873
AOI-0001,2016-07-27,0.3629365702033357
AOI-0001,2016-08-29,0.27745578259246706
AOI-0001,2016-08-30,0.2781995616625304
AOI-0001,2016-09-15,0.26427852494475063
AOI-0001,2016-09-29,0.35098318552326596
AOI-0001,2017-05-12,0.70590288944113999
AOI-0001,2017-06-29,0.53145447611911845
AOI-0001,2017-07-12,0.45152832442330293
AOI-0001,2017-08-09,0.31215836787121765
AOI-0001,2017-08-29,0.29273891809046754
AOI-0001,2017-09-08,0.2193292355895497
AOI-0001,2017-09-14,0.2678135737945333
AOI-0001,2018-04-05,0.47720179175974087
AOI-0001,2018-04-23,0.76163550130277291
AOI-0001,2018-05-01,0.79559893094465683
AOI-0001,2018-06-08,0.6549925638794204
AOI-0001,2018-07-12,0.26798589089632646
AOI-0001,2018-09-28,0.18806187715735756
AOI-0001,2018-10-13,0.17522128093524486
AOI-0001,2019-05-11,0.54740120426285088
AOI-0001,2019-05-31,0.69610492284304415
AOI-0001,2019-06-04,0.69450098428087803
AOI-0001,2019-06-05,0.68917657502684126
AOI-0001,2019-06-25,0.38128196282204418
AOI-0001,2019-07-12,0.46066995653871734
AOI-0001,2019-07-22,0.40683677075596614
AOI-0001,2019-07-29,0.42135671795738572
AOI-0001,2019-08-30,0.21921022310956428
AOI-0001,2019-09-07,0.2264144491215494
AOI-0001,2019-09-08,0.21785638081511025
AOI-0001,2019-09-18,0.17636000708370683
AOI-0001,2020-04-03,0.52911788759014922
AOI-0001,2020-04-26,0.681501829429766
AOI-0001,2020-05-30,0.83458075175990509
AOI-0001,2020-06-09,0.78410208589773456
AOI-0001,2020-07-14,0.21867261261028031
AOI-0001,2020-07-23,0.2049667701869827
AOI-0001,2020-07-27,0.24261583773810705
AOI-0001,2020-08-08,0.19967311077629085
AOI-0001,2020-09-01,0.29268365839361732
AOI-0001,2020-09-02,0.29183088458867845
AOI-0001,2020-09-12,0.24089547082541013
AOI-0001,2020-09-22,0.21887876690086167
AOI-0001,2020-09-29,0.26044364019441701
AOI-0001,2020-10-11,0.20314999886139648
AOI-0001,2020-10-12,0.19554093882222631
AOI-0001,2020-10-19,0.1861933311304903
AOI-0001,2021-05-15,0.51327767911622912
AOI-0001,2021-05-20,0.51558905526964094
AOI-0001,2021-06-10,0.54554243011315762
AOI-0001,2021-07-02,0.64216122752621174
AOI-0001,2021-07-24,0.6504474418824433
AOI-0001,2021-09-17,0.22338809350520009
AOI-0001,2022-04-25,0.62428423210942374
AOI-0001,2022-06-03,0.76364803656582136
AOI-0001,2022-09-02,0.23512228976004246
AOI-0001,2022-09-30,0.22487851837480116
AOI-0001,2022-10-01,0.19466685862778282
AOI-0001,2022-10-17,0.22282369524919785
AOI-0001,2023-05-25,0.81700183094095014
AOI-0001,2023-06-23,0.7828857164945805
AOI-0001,2023-07-15,0.25971510643333084
AOI-0001,2023-07-29,0.20840676447907402
AOI-0001,2023-08-03,0.21776109919372466
AOI-0001,2023-08-08,0.21392826762526262
AOI-0001,2023-08-13,0.27376955994329383
AOI-0001,2023-08-17,0.2522481878101262
AOI-0001,2023-08-28,0.23432170546925582
AOI-0001,2023-08-29,0.27911215644432608
AOI-0001,2023-09-12,0.22408754192180375
AOI-0001,2024-04-06,0.73457715763323628
AOI-0001,2024-05-24,0.79743567978043228
AOI-0001,2024-06-01,0.76280307971826611
AOI-0001,2024-06-03,0.74969089639871223
AOI-0001,2024-06-09,0.69181259233102155
AOI-0001,2024-06-13,0.61936704275737309
AOI-0001,2024-06-17,0.54500869061587132
AOI-0001,2024-06-23,0.36403730692040714
AOI-0001,2024-06-25,0.36990756231677013
AOI-0001,2024-07-03,0.29028594741877145
AOI-0001,2024-09-11,0.16948823235245289
AOI-0001,2024-09-13,0.21835812547573999
AOI-0001,2024-09-16,0.17626027951069961
AOI-0001,2024-09-29,0.21511807335889102
AOI-0001,2025-04-23,0.43836987626099977
AOI-0001,2025-05-03,0.3343038306244997
AOI-0001,2025-06-03,0.47337635991193311
AOI-0001,2025-06-27,0.64837901085825833
AOI-0001,2025-07-05,0.57880121667162698
AOI-0001,2025-07-12,0.47467283950299682
AOI-0001,2025-07-13,0.45364712377543137
AOI-0001,2025-07-23,0.43594649866174628
AOI-0001,2025-07-28,0.4362190883897748
AOI-0001,2025-07-29,0.42570953114395443
AOI-0001,2025-08-02,0.33433008968662581
AOI-0001,2025-10-28,0.22138092449462779
AOI-0002,2025-05-03,0.84437714948852161
AOI-0002,2025-06-03,0.58809481225364335
AOI-0002,2025-06-26,0.37326307141206766
AOI-0002,2025-07-29,0.21661852545456431
AOI-0002,2025-08-02,0.18978100161291334
AOI-0002,2025-08-13,0.25525251590164916
AOI-0002,2025-08-19,0.17891488661596569
AOI-0003,2025-04-01,0.57407408377052205
AOI-0003,2025-04-18,0.79297724563911598
AOI-0003,2025-04-19,0.7988016158436726
AOI-0003,2025-05-06,0.78781433460228145
AOI-0003,2025-06-04,0.75885872737556337
AOI-0003,2025-06-13,0.63708572153974208
AOI-0003,2025-07-07,0.2174654566916682
AOI-0003,2025-07-13,0.20020317790013231
AOI-0003,2025-07-15,0.19196267912337794
AOI-0003,2025-08-04,0.18541289512098977
AOI-0003,2025-08-07,0.19749642882826629
AOI-0003,2025-08-14,0.19094313096562984
AOI-0003,2025-08-22,0.15593497892586949
AOI-0003,2025-08-23,0.17404803732301152
AOI-0004,2025-04-23,0.65145656597378743
AOI-0004,2025-05-04,0.61540965511669088
AOI-0004,2025-05-24,0.68315425228555104
AOI-0004,2025-05-25,0.69586594217995368
AOI-0004,2025-06-30,0.62393023618030097
AOI-0004,2025-07-12,0.50939271473682812
AOI-0004,2025-07-23,0.46993319954495011
AOI-0004,2025-08-02,0.4177096580807152
AOI-0004,2025-09-14,0.3737090424682683
AOI-0004,2025-09-23,0.32242369019619826
AOI-0005,2025-05-01,0.65378488524683154
AOI-0005,2025-05-03,0.65505418196347587
AOI-0005,2025-05-14,0.52938763395697142
AOI-0005,2025-06-11,0.58374821373640218
AOI-0005,2025-07-21,0.37344406464112861
AOI-0005,2025-08-17,0.34918454620421396
AOI-0005,2025-09-01,0.25988040165486087
AOI-0006,2025-04-01,0.20022067208762498
AOI-0006,2025-05-09,0.38413717270818815
AOI-0006,2025-05-25,0.55274215123495696
AOI-0006,2025-07-28,0.43362516974025445
AOI-0006,2025-08-09,0.29522102149000284
AOI-0006,2025-08-22,0.23632264639587303
AOI-0006,2025-08-30,0.20446768989540981
AOI-0006,2025-09-07,0.19451184139618327
AOI-0006,2025-10-28,0.22504272444088394
AOI-0007,2025-04-01,0.21570882290346369
AOI-0007,2025-04-18,0.29666676281145343
AOI-0007,2025-04-29,0.38922210293807052
AOI-0007,2025-05-01,0.39101423981272815
AOI-0007,2025-06-26,0.31010191288299893
AOI-0007,2025-07-28,0.19152303588941497
AOI-0007,2025-08-13,0.22605915061813878
AOI-0007,2025-08-14,0.17763832633138171
AOI-0007,2025-08-16,0.18479708680157547
AOI-0007,2025-09-11,0.15804684682004327
AOI-0007,2025-09-26,0.18947165906429159
AOI-0008,2025-04-17,0.76221446837881612
AOI-0008,2025-04-24,0.79574185660859753
AOI-0008,2025-05-19,0.84463552440861889
AOI-0008,2025-07-08,0.24044172055076085
AOI-0008,2025-07-15,0.17885370779017684
AOI-0008,2025-07-17,0.19613537431889949
AOI-0008,2025-08-13,0.23408449922088562
AOI-0008,2025-09-01,0.15033968386767743
AOI-0008,2025-09-30,0.21777936144783858
AOI-0008,2025-10-16,0.20814053345324909
AOI-0009,2025-04-01,0.62692852318686587
AOI-0009,2025-04-23,0.81298587176972714
AOI-0009,2025-05-04,0.82665736136243817
AOI-0009,2025-06-30,0.20707088714589245
AOI-0009,2025-07-05,0.20363808145634477
AOI-0009,2025-07-10,0.17071085872732344
AOI-0009,2025-07-25,0.17003645429948244
AOI-0009,2025-08-12,0.16977064815292486
AOI-0009,2025-08-17,0.19044389023594804
AOI-0009,2025-08-22,0.16673856463458947
AOI-0009,2025-08-24,0.16716780378938936
AOI-0009,2025-09-14,0.23609378558760086
AOI-0009,2025-09-16,0.19601284192902693
AOI-0009,2025-09-25,0.19208996805246059
AOI-0009,2025-10-03,0.16988298185295372
AOI-0010,2010-06-19,0.36111870347845998
AOI-0010,2010-08-06,0.22634275423462444
AOI-0010,2010-08-22,0.24048397754132345
AOI-0010,2011-06-14,0.49083754963598003
AOI-0010,2011-07-12,0.34884623694692973
AOI-0010,2011-08-09,0.26271973864959758
AOI-0010,2011-08-13,0.31627147008514234
AOI-0010,2011-09-10,0.22817128834414194
AOI-0010,2012-04-13,0.2643223680054983
AOI-0010,2012-08-03,0.23144357222162157
AOI-0010,2013-04-16,0.68382816091973264
AOI-0010,2013-05-25,0.6763839230778308
AOI-0010,2013-06-26,0.33920422502344316
AOI-0010,2013-07-12,0.31625359354330257
AOI-0010,2014-05-29,0.63735355859646903
AOI-0010,2014-06-06,0.50642373776594274
AOI-0010,2014-06-10,0.46161330881968832
AOI-0010,2014-08-29,0.24502732152114426
AOI-0010,2014-09-30,0.22741869560432415
AOI-0010,2015-04-07,0.3049214566087855
AOI-0010,2015-04-14,0.20520425004935897
AOI-0010,2015-05-25,0.36739655427990153
AOI-0010,2015-10-07,0.20025888250971086
AOI-0010,2016-07-27,0.35800671877434859
AOI-0010,2016-08-12,0.31582505412681994
AOI-0010,2016-09-13,0.27562680342417595
AOI-0010,2017-04-03,0.40937180047828375
AOI-0010,2017-04-07,0.51065411350252154
AOI-0010,2017-08-01,0.16049005326049337
AOI-0010,2017-08-04,0.16645808468503057
AOI-0010,2017-08-13,0.22268052186939985
AOI-0010,2017-08-29,0.23323273705001793
AOI-0010,2018-05-16,0.78887397035231099
AOI-0010,2018-07-28,0.23652133355151639
AOI-0010,2018-08-28,0.1620258961937002
AOI-0010,2018-09-14,0.21387026565391243
AOI-0010,2019-04-06,0.46170734202810465
AOI-0010,2019-04-28,0.74705064930206988
AOI-0010,2019-05-19,0.82725962591748614
AOI-0010,2019-06-20,0.22151626684923334
AOI-0010,2019-06-26,0.25936464584380547
AOI-0010,2019-06-27,0.20415408784032152
AOI-0010,2019-07-20,0.17392262290351568
AOI-0010,2019-08-13,0.29545534608067103
AOI-0010,2019-08-19,0.18101707525549796
AOI-0010,2019-08-21,0.18406427589298754
AOI-0010,2019-09-23,0.19565236617594925
AOI-0010,2020-06-06,0.37076524122186094
AOI-0010,2020-06-09,0.38183064857567095
AOI-0010,2020-07-16,0.16204661614620805
AOI-0010,2020-07-19,0.15607705970564156
AOI-0010,2020-07-26,0.17105228836436043
AOI-0010,2020-07-31,0.14669064536928245
AOI-0010,2020-09-09,0.1688433134663711
AOI-0010,2020-09-13,0.24547464684483492
AOI-0010,2020-09-19,0.15789128554417603
AOI-0010,2020-09-27,0.16651226038002545
AOI-0010,2021-05-05,0.35873395142583431
AOI-0010,2021-05-09,0.42684822571421382
AOI-0010,2021-07-28,0.32515295835742331
AOI-0010,2021-08-05,0.26499347852220922
AOI-0010,2021-09-04,0.31844368383696625
AOI-0010,2021-09-17,0.32266981582836957
AOI-0010,2021-10-27,0.31618572087863156
AOI-0010,2022-06-06,0.70184344559254275
AOI-0010,2022-06-10,0.65083559112592015
AOI-0010,2022-06-11,0.66159294617252618
AOI-0010,2022-07-17,0.24184632574337889
AOI-0010,2022-07-28,0.35421666996868767
AOI-0010,2022-09-08,0.27320426697606209
AOI-0010,2023-04-02,0.46393744980404006
AOI-0010,2023-04-27,0.66088366975753132
AOI-0010,2023-06-08,0.69405586056717339
AOI-0010,2023-06-16,0.57538995125233428
AOI-0010,2023-08-23,0.23595211165380203
AOI-0010,2023-08-30,0.2388120529969035
AOI-0010,2023-09-19,0.24863506697946133
AOI-0010,2024-04-04,0.57601489404964101
AOI-0010,2024-04-26,0.75265889551954313
AOI-0010,2024-05-08,0.79578281216101787
AOI-0010,2024-05-21,0.71404764842042423
AOI-0010,2024-06-18,0.22485713378087208
AOI-0010,2024-06-20,0.22003752009138144
AOI-0010,2024-07-08,0.19239943217350045
AOI-0010,2024-07-15,0.19759225810013187
AOI-0010,2024-08-12,0.24747896369300798
AOI-0010,2024-09-06,0.18632979894262275
AOI-0010,2024-09-28,0.18636082133888554
AOI-0010,2024-10-01,0.19087014601909888
AOI-0010,2024-10-15,0.23367272128663907
AOI-0010,2024-10-23,0.20106881741853982
AOI-0010,2025-04-16,0.38326587765805581
AOI-0010,2025-04-18,0.42666498129254815
AOI-0010,2025-05-09,0.76160410675629886
AOI-0010,2025-06-05,0.56256030539735757
AOI-0010,2025-06-07,0.52233399697906568
AOI-0010,2025-06-28,0.19678430172526262
AOI-0010,2025-07-05,0.18037115285028274
AOI-0010,2025-07-06,0.17535889130168195
AOI-0010,2025-07-07,0.18392597661235519
AOI-0010,2025-07-25,0.15220025326007719
AOI-0010,2025-07-30,0.15073650956891352
AOI-0010,2025-08-16,0.19400268366601192
AOI-0010,2025-08-27,0.17252969408499347
AOI-0010,2025-09-16,0.20285399949657484
AOI-0010,2025-09-30,0.27956320678552338
AOI-0010,2025-10-05,0.23283764567371859
AOI-0011,2025-04-07,0.67811828571842092
AOI-0011,2025-04-17,0.80970159245034345
AOI-0011,2025-04-23,0.8382669135730958
AOI-0011,2025-04-28,0.82412501245979475
AOI-0011,2025-05-24,0.80826651287165807
AOI-0011,2025-06-03,0.59324556639219073
AOI-0011,2025-07-12,0.29763215538689042
AOI-0011,2025-08-06,0.22277280489964113
AOI-0011,2025-08-14,0.21679310211074246
AOI-0011,2025-08-19,0.21057555902506658
AOI-0011,2025-08-27,0.18840119421811619
AOI-0011,2025-09-30,0.23684389680799436
AOI-0011,2025-10-03,0.17866938644043662
AOI-0011,2025-10-05,0.17892316479639281
AOI-0012,2025-04-01,0.23404814011311401
AOI-0012,2025-04-28,0.50006951276609091
AOI-0012,2025-05-16,0.70122157344111047
AOI-0012,2025-06-03,0.67316281653053867
AOI-0012,2025-06-05,0.60024457562745381
AOI-0012,2025-06-15,0.28018716345718025
AOI-0012,2025-06-26,0.28388466364736564
AOI-0012,2025-07-10,0.18158146918939511
AOI-0012,2025-07-18,0.15530544829029921
AOI-0012,2025-07-30,0.16507567606583098
AOI-0013,2010-04-16,0.73256663073080519
AOI-0013,2010-06-10,0.47696274195167787
AOI-0013,2010-06-19,0.39214875109345282
AOI-0013,2010-10-24,0.1744884675792413
AOI-0013,2011-04-18,0.21710647241612346
AOI-0013,2011-04-26,0.23872244952379412
AOI-0013,2012-05-08,0.54857602391863525
AOI-0013,2012-06-23,0.58357036972067333
AOI-0013,2012-08-12,0.45373279853396564
AOI-0013,2013-04-16,0.25874917440220491
AOI-0013,2013-04-24,0.28054258500228957
AOI-0013,2013-05-02,0.3145144065951424
AOI-0013,2013-05-09,0.49770150691227449
AOI-0013,2013-06-11,0.50612871292694894
AOI-0013,2013-07-12,0.49708852907861822
AOI-0013,2013-07-28,0.47242834992384636
AOI-0013,2014-05-29,0.42206148220124284
AOI-0013,2014-06-10,0.46411640475976867
AOI-0013,2014-07-28,0.39736135846332937
AOI-0013,2014-08-01,0.33855221357886822
AOI-0013,2014-08-08,0.33640639419758966
AOI-0013,2014-08-13,0.3993274699953106
AOI-0013,2015-05-09,0.5444947732987353
AOI-0013,2015-05-23,0.43590751515793436
AOI-0013,2015-07-12,0.56880781339775666
AOI-0013,2015-08-20,0.356224814790505
AOI-0013,2015-10-07,0.29484701746267772
AOI-0013,2015-10-16,0.35505131851223526
AOI-0013,2016-05-09,0.43488458932221896
AOI-0013,2016-05-10,0.43559411154902306
AOI-0013,2016-08-12,0.62371791437989188
AOI-0013,2016-08-21,0.68844022537089533
AOI-0013,2016-09-13,0.64528459465513111
AOI-0013,2016-10-09,0.50328563607018106
AOI-0013,2017-04-11,0.28428542273327262
AOI-0013,2017-04-28,0.33229234999284046
AOI-0013,2017-05-01,0.33667199368094813
AOI-0013,2017-05-21,0.59466705939051179
AOI-0013,2017-05-29,0.56710756921573424
AOI-0013,2017-06-30,0.7081659032122577
AOI-0013,2017-07-27,0.49842942670271068
AOI-0013,2017-08-08,0.45848347866424916
AOI-0013,2017-08-24,0.40756840016270712
AOI-0013,2017-09-13,0.45075792257386921
AOI-0013,2017-09-17,0.46453812573371112
AOI-0013,2017-09-30,0.45529246337326817
AOI-0013,2018-05-25,0.48962334092807946
AOI-0013,2018-06-08,0.36023013885300892
AOI-0013,2018-06-15,0.38728714384287227
AOI-0013,2018-07-12,0.40033738900406213
AOI-0013,2018-08-13,0.42202525541352143
AOI-0013,2018-08-27,0.39546721625123288
AOI-0013,2018-09-28,0.4041427808887823
AOI-0013,2018-10-06,0.36511315738727679
AOI-0013,2019-04-01,0.20089592503952866
AOI-0013,2019-05-06,0.42016387142666278
AOI-0013,2019-06-02,0.3863852608237921
AOI-0013,2019-06-05,0.38237682328293732
AOI-0013,2019-06-12,0.4578453764418412
AOI-0013,2019-06-25,0.45851759137919929
AOI-0013,2019-07-17,0.47244376513499547
AOI-0013,2019-07-28,0.55444367353837698
AOI-0013,2019-08-24,0.4398156522374988
AOI-0013,2019-08-31,0.50839068916799579
AOI-0013,2019-09-08,0.48433763254820639
AOI-0013,2019-09-13,0.46338716559336462
AOI-0013,2019-10-02,0.49655357603151318
AOI-0013,2019-10-10,0.53971316236133138
AOI-0013,2019-10-17,0.41608278796968767
AOI-0013,2020-04-22,0.46217154084275369
AOI-0013,2020-05-12,0.36008131723680142
AOI-0013,2020-06-24,0.45977489527596771
AOI-0013,2020-06-26,0.48089542159861626
AOI-0013,2020-08-12,0.40685800849860954
AOI-0013,2020-08-15,0.39194220640815303
AOI-0013,2020-08-16,0.383918016316314
AOI-0013,2020-08-20,0.38680349700817346
AOI-0013,2020-10-27,0.38833296231386449
AOI-0013,2021-04-23,0.4724623192577746
AOI-0013,2021-06-10,0.57718309891056185
AOI-0013,2021-06-11,0.56280339640442567
AOI-0013,2021-06-21,0.5303295955566123
AOI-0013,2021-07-12,0.57763992577050982
AOI-0013,2021-07-14,0.56970104134921462
AOI-0013,2021-08-20,0.47814064850667976
AOI-0013,2021-10-14,0.39728813846427924
AOI-0013,2021-10-16,0.43653642532343084
AOI-0013,2022-04-02,0.46295072251545422
AOI-0013,2022-04-17,0.53721838772202857
AOI-0013,2022-04-24,0.54959265394342716
AOI-0013,2022-04-25,0.54590158977968939
AOI-0013,2022-06-10,0.50579907180432337
AOI-0013,2022-06-16,0.46091983460108016
AOI-0013,2022-06-26,0.49854908861869252
AOI-0013,2022-07-05,0.50670438423018815
AOI-0013,2022-07-17,0.55957592990485594
AOI-0013,2022-07-22,0.54272839482060886
AOI-0013,2022-08-14,0.55107701516963625
AOI-0013,2022-09-14,0.47414104947169611
AOI-0013,2022-10-07,0.36365596690135094
AOI-0013,2022-10-14,0.40995283214394895
AOI-0013,2023-04-10,0.45343362218308808
AOI-0013,2023-06-21,0.55171323336594247
AOI-0013,2023-06-29,0.49978219433488297
AOI-0013,2023-07-06,0.53087565536092141
AOI-0013,2023-07-12,0.50713737302153572
AOI-0013,2023-07-24,0.5227729884363066
AOI-0013,2023-08-05,0.51750569713841321
AOI-0013,2023-08-20,0.50000135369856036
AOI-0013,2023-08-23,0.4993673924475015
AOI-0013,2023-08-26,0.49470010852532192
AOI-0013,2023-09-11,0.52030531405994374
AOI-0013,2023-09-14,0.53737325785943224
AOI-0013,2023-09-24,0.47172791592491264
AOI-0013,2023-10-05,0.45524241965630763
AOI-0013,2023-10-14,0.402947550927932
AOI-0013,2023-10-17,0.36231527717992312
AOI-0013,2023-10-19,0.35576273048863427
AOI-0013,2024-04-26,0.4126446354481012
AOI-0013,2024-05-04,0.44635804333543511
AOI-0013,2024-05-23,0.53469173201883813
AOI-0013,2024-05-24,0.58053908572167878
AOI-0013,2024-06-30,0.52232678063055216
AOI-0013,2024-07-02,0.52863224703337608
AOI-0013,2024-07-11,0.50388238304372723
AOI-0013,2024-07-26,0.43724058515593822
AOI-0013,2024-07-27,0.46590854829700978
AOI-0013,2024-08-09,0.51570709261782954
AOI-0013,2024-08-11,0.53127561656060762
AOI-0013,2024-09-03,0.49231807038782915
AOI-0013,2024-09-06,0.49551809737851493
AOI-0013,2024-09-26,0.45792559671867156
AOI-0013,2024-10-08,0.39105825013314222
AOI-0013,2025-04-01,0.456303201283357
AOI-0013,2025-04-28,0.53200505872396353
AOI-0013,2025-05-16,0.5145847432759969
AOI-0013,2025-05-19,0.511912810783963
AOI-0013,2025-05-24,0.51008521787161409
AOI-0013,2025-07-07,0.49514701706454661
AOI-0013,2025-07-08,0.4938258863720294
AOI-0013,2025-07-14,0.50961616610576299
AOI-0013,2025-07-21,0.50423935459929003
AOI-0013,2025-07-27,0.55094859873642954
AOI-0013,2025-08-15,0.50964056594424989
AOI-0013,2025-09-03,0.48428691937928775
AOI-0013,2025-09-07,0.50385065190549927
AOI-0014,2010-04-07,0.56431932217099778
AOI-0014,2010-04-24,0.71095371687777498
AOI-0014,2010-06-10,0.77617272688282257
AOI-0014,2010-09-23,0.22596430330263584
AOI-0014,2011-04-19,0.22470705004261365
AOI-0014,2011-04-26,0.24498283031473284
AOI-0014,2011-05-09,0.59379493357243807
AOI-0014,2011-05-28,0.64003319195506947
AOI-0014,2011-06-14,0.76298191661310166
AOI-0014,2011-08-01,0.44578158906723298
AOI-0014,2011-09-14,0.26102323143044381
AOI-0014,2011-09-17,0.20861749070360494
AOI-0014,2011-10-27,0.32104020226306962
AOI-0014,2012-05-06,0.69718571709015009
AOI-0014,2012-06-25,0.36174516268643037
AOI-0014,2012-08-28,0.29009292387023866
AOI-0014,2012-09-04,0.22469012774560185
AOI-0014,2012-09-11,0.22128822291029282
AOI-0014,2012-09-27,0.20081019977477946
AOI-0014,2013-05-09,0.46688548914751415
AOI-0014,2013-06-11,0.62388382642975759
AOI-0014,2013-06-19,0.67004728736329022
AOI-0014,2013-07-28,0.69696107089028181
AOI-0014,2013-09-14,0.3695872868872373
AOI-0014,2013-09-23,0.28329344269031248
AOI-0014,2014-06-26,0.40818639249485594
AOI-0014,2014-06-29,0.35585744191249558
AOI-0014,2014-08-17,0.21411360894990727
AOI-0014,2014-09-30,0.2934445369399406
AOI-0014,2014-10-27,0.21379335999391327
AOI-0014,2015-04-14,0.39615668574440699
AOI-0014,2015-06-16,0.61309867175067634
AOI-0014,2015-06-26,0.414624661324764
AOI-0014,2015-07-12,0.4025951785740674
AOI-0014,2015-07-27,0.31898005636824778
AOI-0014,2015-08-28,0.22416916172759704
AOI-0014,2016-04-22,0.3997540565096499
AOI-0014,2016-05-09,0.3040844393116019
AOI-0014,2016-06-03,0.66611053271529264
AOI-0014,2016-06-19,0.80186450706145251
AOI-0014,2016-08-13,0.41845816607154607
AOI-0014,2016-08-30,0.31276793394275748
AOI-0014,2017-04-26,0.76636931743358783
AOI-0014,2017-04-28,0.78982623991884904
AOI-0014,2017-05-21,0.87070296413765835
AOI-0014,2017-05-29,0.86719858862443977
AOI-0014,2017-07-23,0.23886266934213143
AOI-0014,2017-07-31,0.21865780187833833
AOI-0014,2017-08-06,0.15149008909687983
AOI-0014,2017-08-21,0.15136766656262698
AOI-0014,2017-09-10,0.17412015786358687
AOI-0014,2017-09-30,0.23260329845092623
AOI-0014,2017-10-08,0.21500153784899872
AOI-0014,2018-04-07,0.58558044469704351
AOI-0014,2018-05-03,0.74945353703759343
AOI-0014,2018-06-24,0.27941047507549793
AOI-0014,2018-07-18,0.22867093660615262
AOI-0014,2018-08-27,0.19391393145918082
AOI-0014,2018-10-06,0.17725140719399904
AOI-0014,2019-04-01,0.18553398508609692
AOI-0014,2019-04-21,0.22700573784352443
AOI-0014,2019-05-01,0.2147822817191542
AOI-0014,2019-05-09,0.48624125684249353
AOI-0014,2019-05-27,0.67774667438155733
AOI-0014,2019-05-28,0.68621419194647215
AOI-0014,2019-06-04,0.76408530265078534
AOI-0014,2019-06-11,0.86386123496180023
AOI-0014,2019-06-15,0.86468980217076752
AOI-0014,2019-06-22,0.81948147342524025
AOI-0014,2019-07-06,0.60192754898576195
AOI-0014,2019-08-14,0.3195605998921599
AOI-0014,2019-08-26,0.19973801703862554
AOI-0014,2020-04-06,0.72529216263103746
AOI-0014,2020-04-07,0.71623840570405939
AOI-0014,2020-04-17,0.70673924477435957
AOI-0014,2020-04-22,0.74170357425695377
AOI-0014,2020-04-25,0.72379884225024538
AOI-0014,2020-05-15,0.72608523922559087
AOI-0014,2020-05-17,0.72098004275507099
AOI-0014,2020-06-04,0.69698132766275434
AOI-0014,2020-06-25,0.27713916188443377
AOI-0014,2020-07-11,0.22229385682990305
AOI-0014,2020-07-27,0.21729742327543206
AOI-0014,2020-08-16,0.17296079868419612
AOI-0014,2020-09-09,0.14322628885657337
AOI-0014,2020-09-24,0.14441431057266008
AOI-0014,2021-04-07,0.45574847334912172
AOI-0014,2021-04-29,0.68910043230155515
AOI-0014,2021-05-25,0.8511113671608338
AOI-0014,2021-08-13,0.2203169343362098
AOI-0014,2021-08-18,0.16950654847366931
AOI-0014,2021-09-14,0.22478792053883867
AOI-0014,2021-10-12,0.17194533818099683
AOI-0014,2021-10-14,0.17778903252726808
AOI-0014,2022-05-15,0.2415737797486078
AOI-0014,2022-05-26,0.35633078019457098
AOI-0014,2022-05-27,0.33844981238633681
AOI-0014,2022-06-24,0.75120110859904099
AOI-0014,2022-07-14,0.81271206567723486
AOI-0014,2022-07-24,0.74821452084854057
AOI-0014,2022-08-22,0.33655701416368805
AOI-0014,2022-08-29,0.31957661716822416
AOI-0014,2022-09-02,0.2125086927058083
AOI-0014,2022-09-08,0.2303981659287262
AOI-0014,2022-09-14,0.24378019187879832
AOI-0014,2023-06-07,0.82097538376295476
AOI-0014,2023-08-10,0.17082843065209757
AOI-0014,2024-04-04,0.64232111079798981
AOI-0014,2024-05-08,0.84254110333590793
AOI-0014,2024-05-09,0.83323133073456435
AOI-0014,2024-05-21,0.83035423663313612
AOI-0014,2024-05-23,0.83787279744130416
AOI-0014,2024-06-08,0.57930047575500287
AOI-0014,2024-07-25,0.15309000233037445
AOI-0014,2024-08-11,0.17304017894701434
AOI-0014,2024-09-01,0.15737428928419919
AOI-0014,2024-09-08,0.14979277499568003
AOI-0014,2024-09-11,0.15063849765667087
AOI-0014,2024-09-18,0.1512247569351502
AOI-0014,2024-09-29,0.22003709013931833
AOI-0014,2024-10-07,0.1639787432767558
AOI-0014,2024-10-30,0.17589842007253129
AOI-0014,2025-04-23,0.36729984101553881
AOI-0014,2025-05-01,0.22996143613128325
AOI-0014,2025-05-27,0.41805705926997705
AOI-0014,2025-06-13,0.43182365286797353
AOI-0014,2025-08-12,0.23631130254897878
AOI-0014,2025-08-15,0.26017724847776408
AOI-0014,2025-08-24,0.2184062221172548
AOI-0014,2025-09-11,0.16463801241855772
AOI-0014,2025-09-14,0.23965679672474199
AOI-0014,2025-09-23,0.18643712388978126
AOI-0014,2025-09-24,0.18654250898699284
AOI-0015,2025-05-04,0.32429964966750408
AOI-0015,2025-05-27,0.50861014920755354
AOI-0015,2025-06-07,0.45549393499799318
AOI-0015,2025-07-03,0.38855838506914114
AOI-0015,2025-07-05,0.38124185624545648
AOI-0015,2025-07-08,0.32916351574575486
AOI-0015,2025-07-13,0.25824562618714242
AOI-0015,2025-07-15,0.25752880532120703
AOI-0015,2025-07-18,0.2594190821405532
AOI-0015,2025-07-21,0.24266069249654126
AOI-0015,2025-07-23,0.24178623850042261
AOI-0015,2025-09-07,0.18191468447350886
AOI-0015,2025-10-13,0.2089275878427897
AOI-0015,2025-10-16,0.26501501584791354
AOI-0015,2025-10-18,0.25521202942811294
AOI-0016,2025-04-19,0.32667971048989142
AOI-0016,2025-05-25,0.51303769878574967
AOI-0016,2025-06-11,0.591040796848883
AOI-0016,2025-06-26,0.69751531961390478
AOI-0016,2025-07-10,0.77999609330894371
AOI-0016,2025-07-17,0.74711589814170853
AOI-0016,2025-07-18,0.7479308670869248
AOI-0016,2025-08-19,0.38245870653600911
AOI-0016,2025-08-29,0.39371666224316332
AOI-0016,2025-10-17,0.22008835096950607
AOI-0017,2010-06-10,0.6186932821269544
AOI-0017,2010-07-29,0.56603961330861585
AOI-0017,2010-09-23,0.35535659650707357
AOI-0017,2011-04-18,0.28379738424142154
AOI-0017,2011-09-17,0.51486489299473059
AOI-0017,2011-09-26,0.51242577468655359
AOI-0017,2011-09-30,0.5178877200350136
AOI-0017,2011-10-11,0.47574347569671471
AOI-0017,2011-10-27,0.46001590613602433
AOI-0017,2012-07-18,0.59510780713011457
AOI-0017,2012-07-27,0.52258308123473407
AOI-0017,2012-08-28,0.48591857766274427
AOI-0017,2012-09-29,0.45409140054767272
AOI-0017,2013-05-25,0.62643262771444097
AOI-0017,2013-07-12,0.54950484238646435
AOI-0017,2013-08-14,0.40250225440733195
AOI-0017,2013-09-14,0.6283386625377283
AOI-0017,2013-09-30,0.65549757488110305
AOI-0017,2013-10-09,0.62892017364609487
AOI-0017,2013-10-25,0.60930948366666904
AOI-0017,2014-04-23,0.66072318122351503
AOI-0017,2014-06-06,0.60212378055445215
AOI-0017,2014-07-24,0.43233685048070869
AOI-0017,2014-10-04,0.39142941204154563
AOI-0017,2015-04-23,0.51871503796017759
AOI-0017,2015-04-30,0.40576297635834269
AOI-0017,2015-07-11,0.69888724418504666
AOI-0017,2015-07-27,0.61377326738248339
AOI-0017,2015-08-03,0.55807300863868559
AOI-0017,2015-08-29,0.45596186616121692
AOI-0017,2015-10-16,0.43449516172186498
AOI-0017,2016-04-06,0.48284263320003867
AOI-0017,2016-04-07,0.42486449116096359
AOI-0017,2016-06-18,0.6285734593026262
AOI-0017,2016-07-05,0.5542702231069927
AOI-0017,2016-07-27,0.5973456394579395
AOI-0017,2016-08-21,0.60110277303741966
AOI-0017,2016-09-15,0.5621756409074985
AOI-0017,2016-10-15,0.53512558944684985
AOI-0017,2016-10-17,0.52812737184149194
AOI-0017,2017-06-06,0.65760877721349997
AOI-0017,2017-07-31,0.61443332376151383
AOI-0017,2017-08-01,0.61003074678616764
AOI-0017,2017-09-02,0.58911808320072667
AOI-0017,2018-04-05,0.361682964029513
AOI-0017,2018-05-09,0.61851704296463483
AOI-0017,2018-05-23,0.63996497492272808
AOI-0017,2018-06-20,0.57812736184430369
AOI-0017,2018-07-11,0.45905092922412138
AOI-0017,2018-07-12,0.47065503130991604
AOI-0017,2019-04-25,0.42860462756819778
AOI-0017,2019-04-28,0.42649831912672631
AOI-0017,2019-05-13,0.55228050137086737
AOI-0017,2019-05-18,0.59474895823840179
AOI-0017,2019-05-28,0.67660281466261862
AOI-0017,2019-06-04,0.65529537335449739
AOI-0017,2019-06-12,0.69733605487925432
AOI-0017,2019-06-17,0.68184371246265685
AOI-0017,2019-07-17,0.67090198400202561
AOI-0017,2019-08-06,0.64860762642418934
AOI-0017,2019-08-11,0.57332781240338915
AOI-0017,2019-08-24,0.41284400310144254
AOI-0017,2019-08-29,0.52730066790403396
AOI-0017,2019-08-31,0.53235588641806431
AOI-0017,2019-09-13,0.45527683217154147
AOI-0017,2020-04-25,0.36398402334503183
AOI-0017,2020-04-30,0.39637439872595676
AOI-0017,2020-05-08,0.6425772371963987
AOI-0017,2020-06-06,0.63271138903673141
AOI-0017,2020-06-26,0.53644043159163723
AOI-0017,2020-07-26,0.42981726783606694
AOI-0017,2020-08-18,0.46993707174586907
AOI-0017,2020-09-02,0.39353323860617923
AOI-0017,2020-09-04,0.38531211537283122
AOI-0017,2020-09-09,0.42537024144705154
AOI-0017,2020-09-10,0.42490463588701111
AOI-0017,2020-09-19,0.44753167672899463
AOI-0017,2020-10-12,0.4018228368803955
AOI-0017,2021-04-07,0.33425511635109589
AOI-0017,2021-05-20,0.51663809723546961
AOI-0017,2021-07-02,0.66283172271293744
AOI-0017,2021-08-29,0.5359071696081158
AOI-0017,2021-09-04,0.51295100202464983
AOI-0017,2021-09-27,0.49827522957837878
AOI-0017,2021-10-06,0.38357187025622391
AOI-0017,2021-10-27,0.48881984137915546
AOI-0017,2022-04-17,0.60231420201147279
AOI-0017,2022-04-23,0.6706193529501987
AOI-0017,2022-05-26,0.68595759817325308
AOI-0017,2022-05-27,0.67462823153652474
AOI-0017,2022-06-03,0.65890467575093781
AOI-0017,2022-06-11,0.61252783652361187
AOI-0017,2022-06-30,0.60499295482643711
AOI-0017,2022-07-12,0.5794225078959756
AOI-0017,2022-07-19,0.56600498476198968
AOI-0017,2022-07-24,0.55215639663450944
AOI-0017,2022-08-07,0.5474342137817122
AOI-0017,2022-08-14,0.54628509554251814
AOI-0017,2022-08-15,0.53470719545640111
AOI-0017,2022-08-23,0.52807918092789929
AOI-0017,2022-08-30,0.47219364960987342
AOI-0017,2022-09-17,0.44475538138279708
AOI-0017,2022-10-19,0.50275492011544132
AOI-0017,2023-04-02,0.44326394379537892
AOI-0017,2023-05-06,0.61629112007667564
AOI-0017,2023-06-11,0.6560469111517967
AOI-0017,2023-06-19,0.66406469899751697
AOI-0017,2023-06-22,0.65294731998799938
AOI-0017,2023-07-24,0.63608375460522071
AOI-0017,2023-09-19,0.47727399449387065
AOI-0017,2023-10-12,0.27021994170358227
AOI-0017,2023-10-16,0.34139160089801879
AOI-0017,2023-10-21,0.31601394910758385
AOI-0017,2024-04-04,0.43746375641566371
AOI-0017,2024-06-05,0.31370397296615793
AOI-0017,2024-06-13,0.26918605035197768
AOI-0017,2024-06-28,0.22232631426164626
AOI-0017,2024-07-19,0.22828354566684453
AOI-0017,2024-08-22,0.2247013151468493
AOI-0017,2024-09-01,0.25575681744155182
AOI-0017,2024-09-21,0.25113015689044449
AOI-0017,2024-09-29,0.26501628993182236
AOI-0017,2024-10-08,0.1953243983463403
AOI-0017,2024-10-22,0.20700982173189106
AOI-0017,2025-05-04,0.84826788745214254
AOI-0017,2025-05-27,0.76270652133868189
AOI-0017,2025-06-07,0.64976615868880438
AOI-0017,2025-06-28,0.31326085825975203
AOI-0017,2025-07-07,0.30313960654390876
AOI-0017,2025-08-23,0.18590118270120531
AOI-0017,2025-09-01,0.18291513215631977
AOI-0017,2025-10-02,0.24079311738428016
AOI-0018,2025-04-19,0.79844209247683362
AOI-0018,2025-05-27,0.6647042973531514
AOI-0018,2025-06-13,0.34480770626071056
AOI-0018,2025-06-15,0.33283975270148564
AOI-0018,2025-07-05,0.26946441404133664
AOI-0018,2025-07-07,0.2818907554818656
AOI-0018,2025-07-14,0.25793658641516709
AOI-0018,2025-07-21,0.26092643455632142
AOI-0018,2025-08-19,0.17161694712994249
AOI-0018,2025-08-27,0.16781360682324553
AOI-0018,2025-09-08,0.16524317890185689
AOI-0018,2025-09-24,0.21585496118205746
AOI-0018,2025-10-17,0.1960479639313393
AOI-0019,2025-04-14,0.5325686398781545
AOI-0019,2025-04-17,0.54398954663196553
AOI-0019,2025-04-28,0.60567077082545595
AOI-0019,2025-05-14,0.59063804824743549
AOI-0019,2025-05-25,0.61222517941829746
AOI-0019,2025-06-15,0.44430721068254569
AOI-0019,2025-06-27,0.41143270814662031
AOI-0019,2025-06-30,0.34728757853332565
AOI-0019,2025-07-10,0.3254405744117595
AOI-0019,2025-07-14,0.28245044278068682
AOI-0019,2025-08-14,0.31776997025458958
AOI-0019,2025-08-31,0.19297964471557957
AOI-0019,2025-09-15,0.23684174878361727
AOI-0019,2025-09-23,0.22098980485212474
AOI-0019,2025-09-24,0.22083420236512508
AOI-0019,2025-10-18,0.23019570827443231
AOI-0020,2025-04-18,0.27714947324682793
AOI-0020,2025-04-23,0.46209324341552693
AOI-0020,2025-05-03,0.37696794707908959
AOI-0020,2025-06-03,0.61992787356978785
AOI-0020,2025-06-11,0.41732846721765754
AOI-0020,2025-07-12,0.41361966472166045
AOI-0020,2025-07-21,0.30819945609016275
AOI-0020,2025-07-29,0.28946393464997217
AOI-0020,2025-07-30,0.26923150095425685
AOI-0020,2025-08-19,0.24178493041265164
AOI-0020,2025-10-13,0.19001014469116576
AOI-0021,2025-04-28,0.40764842602849921
AOI-0021,2025-05-27,0.53189769293969469
AOI-0021,2025-06-03,0.53094842929398789
AOI-0021,2025-07-06,0.34167445057855689
AOI-0021,2025-07-18,0.365019059595934
AOI-0021,2025-07-29,0.31867977556980592
AOI-0021,2025-08-07,0.27579561382396756
AOI-0021,2025-08-22,0.22956204580946787
AOI-0021,2025-08-30,0.23219018430993818
AOI-0021,2025-09-15,0.21837029525596957
AOI-0021,2025-09-24,0.23195976374692659
AOI-0021,2025-10-03,0.19239759232776649
AOI-0022,2025-04-01,0.56651457118780202
AOI-0022,2025-05-03,0.83003992310621033
AOI-0022,2025-05-06,0.83026801100259673
AOI-0022,2025-05-25,0.84361747937729825
AOI-0022,2025-05-28,0.84883217079044637
AOI-0022,2025-07-08,0.21686940224360113
AOI-0022,2025-07-17,0.1591521642809593
AOI-0022,2025-07-21,0.13488292086289402
AOI-0022,2025-08-27,0.15219202362481224
AOI-0022,2025-08-31,0.16759407798036904
AOI-0022,2025-09-23,0.1650098698348918
AOI-0022,2025-09-24,0.16852950750659187
AOI-0022,2025-09-30,0.2271369226668388
AOI-0023,2025-04-16,0.19860609765797466
AOI-0023,2025-04-17,0.21124519823942811
AOI-0023,2025-04-24,0.20802301282566188
AOI-0023,2025-05-01,0.17768121920233587
AOI-0023,2025-05-04,0.22867652893505369
AOI-0023,2025-06-27,0.75535350200421969
AOI-0023,2025-07-05,0.71627907734828733
AOI-0023,2025-07-14,0.35256878057929558
AOI-0023,2025-07-15,0.32764932419698733
AOI-0023,2025-08-14,0.17072234691972815
AOI-0023,2025-08-22,0.15358795462757124
AOI-0023,2025-08-30,0.16883755301496445
AOI-0023,2025-09-21,0.15890549672225091
AOI-0023,2025-09-23,0.16596249237271699
AOI-0023,2025-10-17,0.18551000747716387
AOI-0024,2025-04-07,0.28940315321010657
AOI-0024,2025-04-23,0.33481771044661657
AOI-0024,2025-05-25,0.42713849702465068
AOI-0024,2025-05-28,0.3089144660176259
AOI-0024,2025-06-05,0.31722119473699922
AOI-0024,2025-07-03,0.60259905335600816
AOI-0024,2025-07-21,0.37439182585108477
AOI-0024,2025-07-25,0.33582042011552621
AOI-0024,2025-08-06,0.33609769895108382
AOI-0024,2025-08-09,0.30011238884999275
AOI-0024,2025-09-14,0.28208546503279142
AOI-0024,2025-09-21,0.21304167977835753
AOI-0024,2025-09-30,0.20733821884350118
AOI-0024,2025-10-02,0.15889026558940675
AOI-0024,2025-10-18,0.19579659364274954
AOI-0025,2025-04-14,0.19205221619019103
AOI-0025,2025-04-23,0.31296644024381087
AOI-0025,2025-04-24,0.26000704186515455
AOI-0025,2025-04-29,0.2603440233913526
AOI-0025,2025-05-09,0.31448447934218993
AOI-0025,2025-06-03,0.24182561028412486
AOI-0025,2025-06-13,0.22546676650845643
AOI-0025,2025-06-27,0.18750625060996762
AOI-0025,2025-07-21,0.15380904641252413
AOI-0025,2025-08-07,0.16709415606246575
AOI-0025,2025-08-30,0.15919015178398926
AOI-0025,2025-09-07,0.1629271372111947
AOI-0025,2025-09-14,0.25114872052956572
AOI-0025,2025-10-17,0.4350060731238185
AOI-0026,2025-04-07,0.62222658667877795
AOI-0026,2025-04-24,0.87067265399533011
AOI-0026,2025-05-09,0.92290736770833293
AOI-0026,2025-06-13,0.69365005132209545
AOI-0026,2025-07-08,0.23309838351901155
AOI-0026,2025-07-10,0.23671944081075114
AOI-0026,2025-07-12,0.27207090227011393
AOI-0026,2025-07-13,0.23946433170803069
AOI-0026,2025-07-18,0.21284447433307058
AOI-0026,2025-07-30,0.14534293925166103
AOI-0026,2025-08-19,0.1627990088258271
AOI-0026,2025-09-08,0.14426180942478634
AOI-0026,2025-09-23,0.149715958707138
AOI-0026,2025-09-30,0.31010866810499194
AOI-0027,2025-04-16,0.73438281360515223
AOI-0027,2025-04-24,0.7895873719419142
AOI-0027,2025-06-13,0.57922457795730309
AOI-0027,2025-06-27,0.34589938037263374
AOI-0027,2025-07-05,0.32472841387686319
AOI-0027,2025-07-12,0.33062033917721062
AOI-0027,2025-07-13,0.29403204377177211
AOI-0027,2025-07-23,0.24250896721759471
AOI-0027,2025-07-29,0.27552800875682709
AOI-0027,2025-08-19,0.28373152449898209
AOI-0027,2025-08-30,0.2259220057401124
AOI-0027,2025-09-16,0.25164772151842851
AOI-0027,2025-10-16,0.62164458262067568
AOI-0028,2010-04-07,0.52928853769274697
AOI-0028,2010-04-15,0.67283676691739269
AOI-0028,2010-10-24,0.18729084921971406
AOI-0028,2011-05-25,0.475155511237977
AOI-0028,2011-07-28,0.62238682386738087
AOI-0028,2011-08-08,0.5464761414563496
AOI-0028,2011-10-11,0.25985567858432274
AOI-0028,2012-04-22,0.77275421083169582
AOI-0028,2012-09-27,0.17935820128416938
AOI-0028,2012-10-15,0.23493270717004422
AOI-0028,2013-04-07,0.30389760828083806
AOI-0028,2013-06-10,0.30229862890005232
AOI-0028,2013-06-26,0.27437250703221883
AOI-0028,2013-08-29,0.29245099678687492
AOI-0028,2014-04-07,0.63962843457298435
AOI-0028,2014-05-04,0.91714407724294711
AOI-0028,2014-07-28,0.26927417566794665
AOI-0028,2014-10-11,0.17636377145986715
AOI-0028,2015-04-13,0.2247356135074608
AOI-0028,2015-08-27,0.28851444188079961
AOI-0028,2015-09-28,0.17245245270324328
AOI-0028,2016-04-07,0.69051600844202077
AOI-0028,2016-04-23,0.79889062365513164
AOI-0028,2016-06-09,0.64422798090444267
AOI-0028,2016-06-10,0.65476279667580006
AOI-0028,2016-06-25,0.32291640496003166
AOI-0028,2016-07-27,0.28889779740399885
AOI-0028,2016-09-06,0.18124306222300587
AOI-0028,2017-04-26,0.28029769188237219
AOI-0028,2017-07-23,0.19386358643815074
AOI-0028,2017-08-09,0.16485977040184532
AOI-0028,2017-08-13,0.23981339715403277
AOI-0028,2017-08-29,0.2302833207853005
AOI-0028,2017-09-17,0.2276410366726444
AOI-0028,2018-05-11,0.86927759461862664
AOI-0028,2018-08-19,0.17782325843794414
AOI-0028,2018-08-29,0.22327178605060891
AOI-0028,2018-09-12,0.19743659926737847
AOI-0028,2018-10-08,0.16277323160939103
AOI-0028,2019-04-06,0.15624851690475799
AOI-0028,2019-05-02,0.2133802031583367
AOI-0028,2019-05-25,0.32678448732567611
AOI-0028,2019-06-27,0.17174575736187753
AOI-0028,2019-08-09,0.20252337037370044
AOI-0028,2019-08-24,0.1561495285278528
AOI-0028,2019-10-17,0.65355440476207993
AOI-0028,2020-04-25,0.81447206971280051
AOI-0028,2020-05-04,0.85749935167230973
AOI-0028,2020-05-08,0.88314825116228157
AOI-0028,2020-05-30,0.8470833985279953
AOI-0028,2020-07-14,0.21466148876818228
AOI-0028,2020-08-03,0.16292303957529963
AOI-0028,2020-08-08,0.16229342117817802
AOI-0028,2020-09-02,0.15100641942114579
AOI-0028,2020-09-13,0.2203468738940641
AOI-0028,2021-06-14,0.76738794784599862
AOI-0028,2021-06-16,0.78584985922116868
AOI-0028,2021-06-24,0.82004964414689485
AOI-0028,2021-06-26,0.80379416679545357
AOI-0028,2021-07-24,0.73835902532991771
AOI-0028,2021-10-27,0.29277642492004607
AOI-0028,2022-04-07,0.66937208479656352
AOI-0028,2022-04-23,0.811271081913996
AOI-0028,2022-06-09,0.88775536237716601
AOI-0028,2022-06-29,0.33229832825328565
AOI-0028,2022-07-28,0.21619305998500038
AOI-0028,2022-08-03,0.14522130117432741
AOI-0028,2022-08-08,0.14026902375262923
AOI-0028,2022-08-30,0.1522834287446036
AOI-0028,2022-10-01,0.17896165996799399
AOI-0028,2023-04-07,0.3704839414069091
AOI-0028,2023-04-11,0.24600545528948392
AOI-0028,2023-05-05,0.25579532303524838
AOI-0028,2023-05-09,0.37630620089308092
AOI-0028,2023-06-09,0.25746725108732293
AOI-0028,2023-08-06,0.1554009578256578
AOI-0028,2023-08-23,0.15157822831750015
AOI-0028,2023-08-29,0.21407677904949884
AOI-0028,2023-09-22,0.15253128830482812
AOI-0028,2023-09-24,0.16396395736702074
AOI-0028,2023-09-30,0.29425083115317441
AOI-0028,2024-05-07,0.88230408100421642
AOI-0028,2024-05-23,0.81092865437911033
AOI-0028,2024-05-24,0.80151317593726301
AOI-0028,2024-07-27,0.20842083279963436
AOI-0028,2024-08-03,0.16832701038895345
AOI-0028,2024-08-12,0.19688464711266102
AOI-0028,2024-09-11,0.14364353696440221
AOI-0028,2024-09-16,0.14823181597896271
AOI-0028,2025-04-07,0.31291557741431952
AOI-0028,2025-05-24,0.57955765724452413
AOI-0028,2025-05-31,0.66852378343336571
AOI-0028,2025-06-11,0.6813275069558935
AOI-0028,2025-06-26,0.52551736393692827
AOI-0028,2025-06-27,0.53080477049655206
AOI-0028,2025-07-10,0.2782225157839463
AOI-0028,2025-07-13,0.22144496085914459
AOI-0028,2025-07-23,0.16635592960458839
AOI-0028,2025-08-13,0.23022985259141385
AOI-0028,2025-09-08,0.15115577500348945
AOI-0028,2025-09-11,0.14536117481786237
AOI-0028,2025-10-16,0.27013055589061802
AOI-0028,2025-10-28,0.20558916190572518
AOI-0029,2025-04-04,0.61838270715038257
AOI-0029,2025-04-24,0.86151457965591383
AOI-0029,2025-06-08,0.75829164390212278
AOI-0029,2025-06-10,0.7135312222175807
AOI-0029,2025-06-11,0.72250593929103979
AOI-0029,2025-06-13,0.68345971719165832
AOI-0029,2025-07-29,0.14486992963331255
AOI-0029,2025-08-02,0.13177981066634961
AOI-0029,2025-08-19,0.12984529137686071
AOI-0029,2025-09-11,0.1427424758630956
AOI-0029,2025-09-16,0.146149596416254
AOI-0030,2025-04-21,0.52061367838028305
AOI-0030,2025-04-24,0.59247527731607819
AOI-0030,2025-06-10,0.74423193373374841
AOI-0030,2025-08-07,0.66103137123822608
AOI-0031,2010-06-04,0.57107246886850893
AOI-0031,2010-09-14,0.19473516359261858
AOI-0031,2011-04-23,0.35355279909232945
AOI-0031,2011-06-10,0.4986152101845488
AOI-0031,2011-07-09,0.23052809817384343
AOI-0031,2011-08-11,0.20654187569734836
AOI-0031,2011-08-18,0.19204975867756285
AOI-0031,2011-08-19,0.19262892885780836
AOI-0031,2011-09-19,0.21724335330110175
AOI-0031,2012-04-06,0.29885781109732218
AOI-0031,2012-04-15,0.19809450469235901
AOI-0031,2013-04-07,0.56870794441807304
AOI-0031,2013-05-09,0.66442477681302259
AOI-0031,2013-05-12,0.63958937196874965
AOI-0031,2013-05-25,0.56572488654310282
AOI-0031,2013-06-12,0.24139090932709445
AOI-0031,2013-06-28,0.19954097391784156
AOI-0031,2013-07-23,0.19922306564607048
AOI-0031,2013-08-13,0.26658994470727365
AOI-0031,2013-10-16,0.31146438338007781
AOI-0031,2014-05-23,0.38376171232639161
AOI-0031,2014-06-23,0.28804549271266766
AOI-0031,2014-07-17,0.17421147760296882
AOI-0031,2014-07-28,0.23121423186648069
AOI-0031,2014-08-02,0.18920743481871827
AOI-0031,2014-08-13,0.2236410891796691
AOI-0031,2014-10-14,0.17572925906377712
AOI-0031,2015-09-22,0.21530108379305782
AOI-0031,2015-10-16,0.22164023158558022
AOI-0031,2016-04-01,0.30489295820680096
AOI-0031,2016-04-17,0.40920562225094237
AOI-0031,2016-04-22,0.61202670103445056
AOI-0031,2016-05-03,0.63051592410670698
AOI-0031,2016-05-24,0.74411985055246266
AOI-0031,2016-06-09,0.66804866487658998
AOI-0031,2016-06-12,0.62840758302759236
AOI-0031,2016-06-20,0.40217117166142974
AOI-0031,2016-06-25,0.33374985934455875
AOI-0031,2016-07-30,0.23252434470516639
AOI-0031,2017-05-06,0.7054380892980473
AOI-0031,2017-06-07,0.70868061255121584
AOI-0031,2017-08-03,0.18830824607672397
AOI-0031,2017-08-13,0.23067646457845459
AOI-0031,2017-09-04,0.22471866713249627
AOI-0031,2017-09-22,0.27702388806833034
AOI-0031,2018-04-23,0.58883769002155384
AOI-0031,2018-05-02,0.68551491721104085
AOI-0031,2018-05-18,0.64138702943835169
AOI-0031,2018-06-03,0.29224503562043191
AOI-0031,2018-06-10,0.33740599466258436
AOI-0031,2018-06-11,0.29709165087967226
AOI-0031,2018-07-13,0.25723591001498264
AOI-0031,2018-09-06,0.20636296587438732
AOI-0031,2018-09-14,0.2634139806214994
AOI-0031,2018-10-07,0.18181095269420114
AOI-0031,2018-10-12,0.19586053423770911
AOI-0031,2019-04-10,0.44630668000130258
AOI-0031,2019-06-14,0.21077394063021002
AOI-0031,2019-06-22,0.16449266410670846
AOI-0031,2019-07-09,0.14206515622012736
AOI-0031,2019-07-23,0.23374987635351882
AOI-0031,2019-08-08,0.41905572152962101
AOI-0031,2019-08-31,0.23226105414940945
AOI-0031,2019-09-17,0.17554653668449852
AOI-0031,2019-10-03,0.31338766398647516
AOI-0031,2019-10-10,0.34471274039104077
AOI-0031,2019-10-12,0.43018827702733797
AOI-0031,2019-10-22,0.44506583095702024
AOI-0031,2020-04-13,0.41900745323876809
AOI-0031,2020-06-01,0.49883961633766488
AOI-0031,2020-06-06,0.51809822641275793
AOI-0031,2020-07-11,0.19263393567021042
AOI-0031,2020-07-18,0.13521242871657871
AOI-0031,2020-07-28,0.14403081890924813
AOI-0031,2020-08-07,0.13673708451728667
AOI-0031,2020-08-17,0.13578906277594197
AOI-0031,2020-08-22,0.14865294346118341
AOI-0031,2020-09-27,0.14256544779362612
AOI-0031,2020-10-13,0.15974528245365119
AOI-0031,2020-10-19,0.15273324403515054
AOI-0031,2020-10-21,0.15081324904246227
AOI-0031,2021-04-07,0.23122868765982971
AOI-0031,2021-05-17,0.30190418540345354
AOI-0031,2021-06-11,0.17706564614864542
AOI-0031,2021-07-01,0.12739090000818765
AOI-0031,2021-07-16,0.15043816437953803
AOI-0031,2021-07-21,0.13091547368444073
AOI-0031,2021-08-06,0.14637294416710681
AOI-0031,2021-08-25,0.13765192353127667
AOI-0031,2021-08-30,0.13406381866396133
AOI-0031,2022-05-14,0.86761358911667963
AOI-0031,2022-06-10,0.71374849310642918
AOI-0031,2022-06-11,0.72669408638660205
AOI-0031,2022-06-20,0.38889409140363429
AOI-0031,2022-06-21,0.37763966370042001
AOI-0031,2022-07-08,0.17577901436978416
AOI-0031,2022-07-12,0.2238030863876963
AOI-0031,2022-09-08,0.135818885503382
AOI-0031,2022-09-09,0.13685860693622395
AOI-0031,2022-09-10,0.13677153293272429
AOI-0031,2022-09-11,0.13566985508657889
AOI-0031,2022-09-26,0.13803715627221153
AOI-0031,2022-09-29,0.14534056364469547
AOI-0031,2023-04-04,0.30851358452664368
AOI-0031,2023-04-27,0.3933491823687762
AOI-0031,2023-05-17,0.4423015085206406
AOI-0031,2023-06-17,0.28640915951312129
AOI-0031,2023-06-23,0.26657878592660311
AOI-0031,2023-06-26,0.32677721419211403
AOI-0031,2023-07-11,0.29867339594111358
AOI-0031,2023-08-15,0.23980928538895119
AOI-0031,2023-09-19,0.18258759919949069
AOI-0031,2023-09-20,0.20146853052959537
AOI-0031,2023-09-30,0.24745833521751748
AOI-0031,2023-10-15,0.16423363946089697
AOI-0031,2023-10-24,0.16594213771850969
AOI-0031,2024-05-03,0.21574416132998431
AOI-0031,2024-06-02,0.18558673846401855
AOI-0031,2024-07-02,0.14874708947821941
AOI-0031,2024-07-10,0.13635987125103735
AOI-0031,2024-07-13,0.14409396542298547
AOI-0031,2024-08-09,0.13770391679204641
AOI-0031,2024-08-16,0.15574995901844974
AOI-0031,2024-08-26,0.14248353835795158
AOI-0031,2025-04-19,0.49484303965637122
AOI-0031,2025-04-23,0.66782892616070177
AOI-0031,2025-06-21,0.44912416999595611
AOI-0031,2025-07-12,0.29218821070789036
AOI-0031,2025-07-15,0.23433249517494101
AOI-0031,2025-08-06,0.18192236978402868
AOI-0031,2025-08-09,0.17899712962407757
AOI-0031,2025-09-08,0.13683161276491901
AOI-0031,2025-09-15,0.15478331166643575
AOI-0031,2025-09-17,0.15655922937975567
AOI-0031,2025-10-02,0.1818302252295135
AOI-0031,2025-10-22,0.22323500644888716
AOI-0032,2010-06-04,0.2942643557940518
AOI-0032,2010-06-10,0.29303731770207542
AOI-0032,2010-06-20,0.20902283698393528
AOI-0032,2010-07-12,0.22068505441880415
AOI-0032,2010-08-16,0.14584998049719153
AOI-0032,2010-09-14,0.20339409233554939
AOI-0032,2010-09-30,0.2250519372998567
AOI-0032,2011-07-12,0.29224179865373223
AOI-0032,2011-08-29,0.27075204590521551
AOI-0032,2011-09-11,0.20647177728665528
AOI-0032,2011-09-28,0.2028886814375484
AOI-0032,2012-04-06,0.288167326169811
AOI-0032,2012-05-01,0.35117101470268575
AOI-0032,2012-06-25,0.36658965211781253
AOI-0032,2012-10-08,0.12840767819972021
AOI-0032,2013-05-19,0.42258476388947436
AOI-0032,2013-05-20,0.42337190356808602
AOI-0032,2013-06-10,0.36790033246000742
AOI-0032,2013-06-12,0.31096327833292492
AOI-0032,2013-06-13,0.30673922602323189
AOI-0032,2013-07-22,0.31618903844229623
AOI-0032,2013-07-30,0.3497831934520253
AOI-0032,2013-08-13,0.31277443147421402
AOI-0032,2013-08-29,0.26311852971198085
AOI-0032,2013-09-14,0.26386434128262448
AOI-0032,2014-06-16,0.24435401546179084
AOI-0032,2014-06-26,0.22923784012351309
AOI-0032,2014-07-12,0.19386343933182607
AOI-0032,2014-09-03,0.16954441243895871
AOI-0032,2015-04-23,0.30316907247686575
AOI-0032,2015-06-18,0.5172233426702556
AOI-0032,2015-07-13,0.33399869747616417
AOI-0032,2015-09-15,0.1967388018355504
AOI-0032,2015-09-23,0.18155977959192243
AOI-0032,2015-09-30,0.23731312817179698
AOI-0032,2016-04-06,0.2781756144979235
AOI-0032,2016-04-10,0.19919725471503119
AOI-0032,2016-05-03,0.22033867588408534
AOI-0032,2016-06-09,0.35195821460506532
AOI-0032,2016-06-28,0.18017375729075233
AOI-0032,2016-07-15,0.17759220367190071
AOI-0032,2016-07-30,0.17150602269229542
AOI-0032,2016-08-16,0.17699133614940193
AOI-0032,2016-09-09,0.16699974252616145
AOI-0032,2016-10-18,0.37471384742992653
AOI-0032,2017-04-04,0.43186813471369945
AOI-0032,2017-04-28,0.69532333353955478
AOI-0032,2017-05-09,0.80175584839700664
AOI-0032,2017-07-02,0.22687544521669098
AOI-0032,2017-08-02,0.1509240811596167
AOI-0032,2017-08-11,0.14542171600830264
AOI-0032,2017-08-19,0.14406747879764664
AOI-0032,2017-08-27,0.15288064829000902
AOI-0032,2017-09-03,0.1439579514351278
AOI-0032,2017-09-12,0.159168696207176
AOI-0032,2018-04-15,0.17720161107606144
AOI-0032,2018-06-10,0.2500773015261466
AOI-0032,2018-06-19,0.16307016088771648
AOI-0032,2018-09-14,0.23040751559251282
AOI-0032,2018-09-23,0.18780789941992709
AOI-0032,2018-09-30,0.2469469079923434
AOI-0032,2018-10-07,0.20128156238672443
AOI-0032,2018-10-12,0.23897727298516921
AOI-0032,2019-04-26,0.69031355876512779
AOI-0032,2019-04-28,0.7023721596593957
AOI-0032,2019-05-18,0.7848520866908073
AOI-0032,2019-05-20,0.78251016639847948
AOI-0032,2019-05-30,0.67102279994612679
AOI-0032,2019-06-14,0.26659045601742087
AOI-0032,2019-06-19,0.19269659214751833
AOI-0032,2019-07-23,0.10610195422905513
AOI-0032,2019-09-25,0.14946720591896209
AOI-0032,2019-10-05,0.15508558816716672
AOI-0032,2019-10-11,0.17833275274807411
AOI-0032,2019-10-25,0.32226434564495432
AOI-0032,2019-10-28,0.35508554438456108
AOI-0032,2020-05-27,0.4164838785092691
AOI-0032,2020-05-30,0.3964980526513735
AOI-0032,2020-06-24,0.20938883832807373
AOI-0032,2020-06-26,0.17378214504056388
AOI-0032,2020-08-05,0.14653471862915363
AOI-0032,2020-08-07,0.14515867055745194
AOI-0032,2020-09-13,0.19241334848140362
AOI-0032,2020-09-28,0.15434128897303676
AOI-0032,2020-09-29,0.18980018612770594
AOI-0032,2020-10-05,0.145897000462995
AOI-0032,2020-10-06,0.14264416217065273
AOI-0032,2020-10-24,0.1647688068284428
AOI-0032,2021-04-04,0.16225919913171255
AOI-0032,2021-04-23,0.28192318445342412
AOI-0032,2021-05-01,0.18495854564859759
AOI-0032,2021-05-25,0.27389682088313083
AOI-0032,2021-06-18,0.15758073856911481
AOI-0032,2021-07-01,0.13517994003229061
AOI-0032,2021-07-18,0.13957855038384015
AOI-0032,2021-09-06,0.15067830903168122
AOI-0032,2021-09-15,0.15744684030000922
AOI-0032,2021-10-08,0.28935762400928627
AOI-0032,2022-04-26,0.77541856629897321
AOI-0032,2022-05-09,0.84995521681826813
AOI-0032,2022-05-13,0.85187877788216382
AOI-0032,2022-05-29,0.82469427689895647
AOI-0032,2022-06-06,0.75262749407789842
AOI-0032,2022-06-13,0.59786760247311332
AOI-0032,2022-06-30,0.28116354080066353
AOI-0032,2022-08-01,0.13699982262532651
AOI-0032,2022-08-02,0.13013035942117188
AOI-0032,2022-08-15,0.12998530130950001
AOI-0032,2022-08-24,0.14911744291711274
AOI-0032,2022-08-29,0.19509595100519805
AOI-0032,2022-09-11,0.14804809107307973
AOI-0032,2023-04-07,0.29396758901549042
AOI-0032,2023-04-12,0.20639420562852029
AOI-0032,2023-05-12,0.22443445073864771
AOI-0032,2023-05-15,0.24067922486584298
AOI-0032,2023-05-24,0.306119377243387
AOI-0032,2023-06-06,0.41950808919165494
AOI-0032,2023-06-18,0.59260981235128662
AOI-0032,2023-07-26,0.25167292954460546
AOI-0032,2023-07-28,0.28528484399598175
AOI-0032,2023-08-08,0.23075440403523764
AOI-0032,2023-09-01,0.23392581570112064
AOI-0032,2023-09-11,0.21594624850384644
AOI-0032,2023-09-24,0.18093018403668676
AOI-0032,2024-04-07,0.18362604470252517
AOI-0032,2024-05-06,0.20006160457059147
AOI-0032,2024-06-03,0.22584484396442653
AOI-0032,2024-07-12,0.14598614862210163
AOI-0032,2024-07-25,0.15835250902591164
AOI-0032,2024-07-30,0.15020470503863551
AOI-0032,2024-08-22,0.16738590747350113
AOI-0032,2024-08-30,0.16088258316084333
AOI-0032,2024-09-13,0.19992336987029308
AOI-0032,2024-09-18,0.15924261223444952
AOI-0032,2024-10-05,0.15058813713016159
AOI-0032,2024-10-15,0.19749444456974388
AOI-0032,2024-10-23,0.15928590413571003
AOI-0032,2025-05-06,0.67602218468055242
AOI-0032,2025-05-28,0.73098460234804363
AOI-0032,2025-06-30,0.26096221050822632
AOI-0032,2025-07-07,0.21467965050508733
AOI-0032,2025-07-10,0.17968891807208412
AOI-0032,2025-08-13,0.22226816549185963
AOI-0032,2025-08-16,0.15945297584639617
AOI-0032,2025-08-24,0.18130416411338987
AOI-0032,2025-08-31,0.16281411120746042
AOI-0032,2025-09-03,0.14358612671386325
AOI-0032,2025-10-08,0.16099871284402656
AOI-0033,2025-04-28,0.18506710418405792
AOI-0033,2025-05-20,0.2336517482521793
AOI-0033,2025-06-10,0.69943517232142505
AOI-0033,2025-06-22,0.73010441950970051
AOI-0033,2025-07-05,0.47085847399637648
AOI-0033,2025-07-10,0.3322864168261917
AOI-0033,2025-09-15,0.29984028917315919
AOI-0034,2025-04-25,0.16850745851911383
AOI-0034,2025-05-06,0.19880782361666197
AOI-0034,2025-05-09,0.31778717936614326
AOI-0034,2025-06-10,0.2634130415865284
AOI-0034,2025-06-15,0.18465261034636443
AOI-0034,2025-06-21,0.17582305498230816
AOI-0034,2025-07-07,0.134552347909766
AOI-0034,2025-07-10,0.13247664187635072
AOI-0034,2025-07-16,0.14239171684673735
AOI-0034,2025-08-31,0.15376290384231819
AOI-0034,2025-09-13,0.17169820878624481
AOI-0034,2025-09-23,0.15109009521678995
AOI-0034,2025-10-02,0.28892805867496935
AOI-0034,2025-10-16,0.54654973963612086
AOI-0035,2025-05-16,0.15928908451404766
AOI-0035,2025-05-20,0.14278507732183915
AOI-0035,2025-06-05,0.20622929133258452
AOI-0035,2025-06-07,0.178977221635328
AOI-0035,2025-06-10,0.23706026412863909
AOI-0035,2025-07-30,0.13309244486255192
AOI-0035,2025-08-31,0.14806416388775365
AOI-0035,2025-09-26,0.17936855036979363
AOI-0035,2025-09-28,0.16318569736065186
AOI-0035,2025-10-02,0.17725663133438521
AOI-0035,2025-10-30,0.55004520851163852
AOI-0036,2025-05-16,0.62652543569567332
AOI-0036,2025-07-16,0.21449108262782662
AOI-0036,2025-08-01,0.18081330282156977
AOI-0036,2025-08-09,0.17794929267814918
AOI-0036,2025-08-23,0.18638955676526678
AOI-0036,2025-10-02,0.1618112491718163
AOI-0037,2025-04-07,0.53775149687072821
AOI-0037,2025-04-16,0.45977677127760797
AOI-0037,2025-05-23,0.62016810794202337
AOI-0037,2025-06-30,0.34526253567205195
AOI-0037,2025-07-14,0.29285466228932872
AOI-0037,2025-07-23,0.28203193536512433
AOI-0037,2025-08-09,0.22431692748806933
AOI-0037,2025-08-16,0.2325143167870998
AOI-0037,2025-09-12,0.19497774256417966
AOI-0037,2025-09-13,0.19366469969927477
AOI-0037,2025-09-23,0.19532849874531469
AOI-0037,2025-09-26,0.21161360160805259
AOI-0037,2025-09-30,0.2538652766768178
AOI-0037,2025-10-05,0.20465945634152344
AOI-0038,2025-04-07,0.47890703506630489
AOI-0038,2025-04-25,0.47523934344722529
AOI-0038,2025-06-14,0.44995492702465539
AOI-0038,2025-07-10,0.18062233015141752
AOI-0038,2025-07-15,0.20103361205639875
AOI-0038,2025-08-14,0.18802322723785025
AOI-0038,2025-09-02,0.17810887616211316
AOI-0038,2025-10-05,0.20048109568679767
AOI-0038,2025-10-08,0.19687380456468412
AOI-0038,2025-10-16,0.27330409402427719
AOI-0039,2025-05-04,0.69828841417458054
AOI-0039,2025-05-08,0.67025240220140359
AOI-0039,2025-05-28,0.62903476314750995
AOI-0039,2025-07-10,0.41264742444607927
AOI-0039,2025-08-06,0.31977259776159533
AOI-0039,2025-08-24,0.35578547158351997
AOI-0039,2025-09-08,0.29106287787953378
AOI-0039,2025-09-12,0.33288810277806824
AOI-0039,2025-09-14,0.39152495177243296
AOI-0039,2025-09-26,0.30990861905303724
AOI-0039,2025-10-23,0.3744413044302537
AOI-0040,2025-04-02,0.28120682826667454
AOI-0040,2025-04-03,0.28960841835387124
AOI-0040,2025-05-06,0.71066988173327905
AOI-0040,2025-06-07,0.69526676309701052
AOI-0040,2025-07-08,0.20354526336136713
AOI-0040,2025-09-12,0.1455520751746559
AOI-0040,2025-09-13,0.14516767270458236
AOI-0040,2025-09-28,0.15784876714079965
AOI-0040,2025-09-30,0.20895288385841018
AOI-0040,2025-10-02,0.17609010473545941
AOI-0041,2025-04-23,0.64439673745558124
AOI-0041,2025-05-20,0.5924150843363325
AOI-0041,2025-06-22,0.38248171914494072
AOI-0041,2025-06-27,0.3667737384046944
AOI-0041,2025-07-23,0.27548521156332256
AOI-0041,2025-08-19,0.20218106259013074
AOI-0041,2025-09-30,0.27439840802085413
AOI-0042,2025-04-18,0.16545176125583153
AOI-0042,2025-05-04,0.16656765479301811
AOI-0042,2025-06-13,0.16299406616218987
AOI-0042,2025-07-14,0.14340563513146135
AOI-0042,2025-07-16,0.1460869985104824
AOI-0042,2025-07-24,0.15603841851305655
AOI-0042,2025-08-17,0.14960273504408955
AOI-0042,2025-08-19,0.13157497035725915
AOI-0042,2025-08-24,0.16294502190401769
AOI-0042,2025-08-29,0.19735933060938535
AOI-0042,2025-09-15,0.1368357488082983
AOI-0042,2025-09-17,0.13932107435090685
AOI-0042,2025-10-02,0.17500722861372162
AOI-0043,2025-04-24,0.22631230549256315
AOI-0043,2025-04-29,0.22137633601664003
AOI-0043,2025-05-31,0.21062606842770304
AOI-0043,2025-06-08,0.18296184432104606
AOI-0043,2025-06-15,0.15771608986961463
AOI-0043,2025-06-17,0.15800188948559857
AOI-0043,2025-06-25,0.15816779740612813
AOI-0043,2025-07-07,0.17811014242964116
AOI-0043,2025-07-13,0.15749580298899632
AOI-0043,2025-08-12,0.15823982051465399
AOI-0043,2025-09-24,0.18144516249906512
AOI-0043,2025-10-13,0.15933984857759551
AOI-0043,2025-10-15,0.17589972114578786
AOI-0044,2010-04-16,0.26516682564241162
AOI-0044,2010-04-25,0.3097671844135293
AOI-0044,2010-05-09,0.51261192227593722
AOI-0044,2010-05-18,0.40587351542812888
AOI-0044,2010-06-12,0.44840417404359434
AOI-0044,2010-06-20,0.43600566454246054
AOI-0044,2010-06-28,0.51123391533519269
AOI-0044,2010-07-29,0.2295885813994826
AOI-0044,2010-08-06,0.21372967978418028
AOI-0044,2010-10-16,0.24388902877667518
AOI-0044,2010-10-25,0.20856328671302576
AOI-0044,2011-07-16,0.66419421627876851
AOI-0044,2011-08-01,0.32798685121167526
AOI-0044,2011-08-02,0.32402288584708439
AOI-0044,2011-10-16,0.30726070007810025
AOI-0044,2012-04-06,0.37743540084338717
AOI-0044,2012-05-08,0.64916994750320633
AOI-0044,2013-05-02,0.26648161219104066
AOI-0044,2013-05-03,0.2686835687833799
AOI-0044,2013-05-11,0.30589009451860383
AOI-0044,2014-04-07,0.38507547976162426
AOI-0044,2014-06-06,0.26893686178754017
AOI-0044,2014-06-14,0.22956688591527322
AOI-0044,2014-06-23,0.23329644934014437
AOI-0044,2014-08-02,0.20827785802021798
AOI-0044,2014-08-09,0.20704094101400483
AOI-0044,2014-08-29,0.23110575128423941
AOI-0044,2014-09-18,0.19169769445916668
AOI-0044,2014-09-19,0.19159979037846697
AOI-0044,2014-10-04,0.18602387069199772
AOI-0044,2014-10-12,0.19598732155024071
AOI-0044,2014-10-28,0.23712603536347007
AOI-0044,2014-10-29,0.23913247335677568
AOI-0044,2015-06-26,0.4547578162269163
AOI-0044,2015-07-27,0.25250412759570534
AOI-0044,2015-07-28,0.2844771113984178
AOI-0044,2015-08-29,0.23271466288058804
AOI-0044,2015-10-08,0.17885082770395236
AOI-0044,2015-10-16,0.23822125906763986
AOI-0044,2016-04-08,0.51673874457735314
AOI-0044,2016-05-08,0.86346139015663814
AOI-0044,2016-05-11,0.84148571599142696
AOI-0044,2016-06-20,0.40204150227344715
AOI-0044,2016-06-25,0.38156507464579559
AOI-0044,2016-07-13,0.29626043410875369
AOI-0044,2016-07-27,0.34754057785333875
AOI-0044,2016-09-07,0.20536746604748721
AOI-0044,2016-09-13,0.26916398482820647
AOI-0044,2016-10-02,0.193892346022776
AOI-0044,2016-10-26,0.21282054769321396
AOI-0044,2017-04-03,0.18388735435846709
AOI-0044,2017-04-04,0.18514807164056085
AOI-0044,2017-04-12,0.19384560541878637
AOI-0044,2017-06-27,0.22947911723638054
AOI-0044,2017-06-30,0.23599646067160998
AOI-0044,2017-08-10,0.18647151006869378
AOI-0044,2017-09-14,0.23269276673773404
AOI-0044,2018-04-06,0.41972118535085001
AOI-0044,2018-07-12,0.26872427734492232
AOI-0044,2018-07-19,0.21546549548817845
AOI-0044,2018-09-30,0.22241685137390327
AOI-0044,2019-04-25,0.37896745123056103
AOI-0044,2019-04-26,0.38237216715011307
AOI-0044,2019-06-02,0.70937128670003624
AOI-0044,2019-06-12,0.48258981363363834
AOI-0044,2019-06-20,0.35684065836280021
AOI-0044,2019-08-13,0.41011175494783203
AOI-0044,2019-09-10,0.17207769723938074
AOI-0044,2019-09-15,0.16648239358149197
AOI-0044,2019-09-16,0.16816894654589523
AOI-0044,2019-10-10,0.1686818278676368
AOI-0044,2020-04-17,0.19578573566741014
AOI-0044,2020-04-22,0.3171460534856132
AOI-0044,2020-05-17,0.21534582175607181
AOI-0044,2020-06-30,0.1610710409092985
AOI-0044,2020-08-10,0.14874715090704715
AOI-0044,2020-09-09,0.15284815359420423
AOI-0044,2020-09-10,0.15487230876150837
AOI-0044,2020-09-26,0.15373794076663208
AOI-0044,2020-09-29,0.20129198913435797
AOI-0044,2020-10-14,0.15851903126135353
AOI-0044,2020-10-21,0.14552625021477195
AOI-0044,2021-05-12,0.71086167161745528
AOI-0044,2021-05-17,0.72310710469235806
AOI-0044,2021-05-25,0.73743940191002255
AOI-0044,2021-07-16,0.23531394565557501
AOI-0044,2021-07-21,0.16417015147513425
AOI-0044,2021-09-30,0.21582522724684366
AOI-0044,2021-10-07,0.15600382027372545
AOI-0044,2022-05-27,0.76808998190661015
AOI-0044,2022-06-06,0.71853856969505325
AOI-0044,2022-06-12,0.68708585882450579
AOI-0044,2022-07-07,0.19660334055484605
AOI-0044,2022-08-10,0.2589292318974753
AOI-0044,2022-08-13,0.32009126119455511
AOI-0044,2022-08-24,0.25429810618121385
AOI-0044,2022-09-25,0.17561309465083411
AOI-0044,2022-09-30,0.23415809356929321
AOI-0044,2023-04-02,0.22044340743174709
AOI-0044,2023-04-07,0.31947566150203421
AOI-0044,2023-06-06,0.25012038199839026
AOI-0044,2023-06-30,0.1683282041586649
AOI-0044,2023-07-05,0.1866564815143025
AOI-0044,2023-07-09,0.182067457474032
AOI-0044,2023-07-11,0.17583183269905095
AOI-0044,2023-07-16,0.18321816767882876
AOI-0044,2023-07-25,0.17113851014855674
AOI-0044,2023-08-05,0.15826924526988462
AOI-0044,2023-08-25,0.15155679273214179
AOI-0044,2023-09-30,0.27509752770056461
AOI-0044,2023-10-14,0.28274402799232012
AOI-0044,2024-04-06,0.79024511337080661
AOI-0044,2024-04-14,0.8256218362877914
AOI-0044,2024-06-05,0.59228878595356316
AOI-0044,2024-09-06,0.14676862731173262
AOI-0044,2024-09-21,0.15335446796189872
AOI-0044,2025-04-02,0.17537508068334273
AOI-0044,2025-05-20,0.19262111902424844
AOI-0044,2025-07-06,0.16169793287342127
AOI-0044,2025-07-10,0.15740736602963382
AOI-0044,2025-08-14,0.16242049860189933
AOI-0044,2025-09-23,0.16340777242376484
AOI-0044,2025-10-03,0.16405230769041265
AOI-0044,2025-10-15,0.16546362133362327
AOI-0045,2025-04-26,0.21629434955038676
AOI-0045,2025-06-15,0.17586798256798611
AOI-0045,2025-06-27,0.17803423873074939
AOI-0045,2025-06-29,0.1830893928141456
AOI-0045,2025-07-31,0.16498277311501036
AOI-0045,2025-08-13,0.22679395677220629
AOI-0045,2025-08-15,0.17916465127505959
AOI-0045,2025-08-16,0.16027246419987917
AOI-0045,2025-09-30,0.22429113237504752
AOI-0045,2025-10-15,0.16769475094250921
AOI-0046,2010-06-26,0.27778696798065244
AOI-0046,2010-07-12,0.33438143317299118
AOI-0046,2010-09-14,0.41536638840171153
AOI-0046,2011-05-30,0.3077193424321738
AOI-0046,2011-08-17,0.17882408831951419
AOI-0046,2012-04-22,0.40667753644371418
AOI-0046,2012-04-29,0.29701799676508467
AOI-0046,2012-06-09,0.60720516096915078
AOI-0046,2013-04-25,0.25065268504774518
AOI-0046,2013-05-09,0.46304166595806318
AOI-0046,2013-06-11,0.59409084214591745
AOI-0046,2013-06-27,0.34225087913888574
AOI-0046,2013-07-21,0.30729981282882468
AOI-0046,2013-07-28,0.37003476502505395
AOI-0046,2013-07-30,0.31828740103139525
AOI-0046,2014-05-25,0.75381093194847215
AOI-0046,2014-05-29,0.75483555139813108
AOI-0046,2014-07-01,0.30244456634924904
AOI-0046,2014-07-12,0.32895692599480453
AOI-0046,2014-08-01,0.17417310822143006
AOI-0046,2014-08-25,0.1766877662920302
AOI-0046,2014-09-19,0.17807640610253914
AOI-0046,2015-05-17,0.26066245176550518
AOI-0046,2015-07-12,0.35221658855914734
AOI-0046,2015-09-22,0.19602847555854375
AOI-0046,2015-10-16,0.22581614740654612
AOI-0046,2016-05-02,0.80187332000595024
AOI-0046,2016-05-10,0.85965286334072322
AOI-0046,2016-05-18,0.83087498737839616
AOI-0046,2016-06-03,0.67168555476505998
AOI-0046,2016-06-09,0.61237477420978537
AOI-0046,2016-07-13,0.19329434888523178
AOI-0046,2016-07-30,0.25980964723058836
AOI-0046,2016-10-02,0.21907257979541289
AOI-0046,2016-10-17,0.29852700862441556
AOI-0046,2016-10-25,0.29966534820944674
AOI-0046,2017-04-13,0.41756092375148812
AOI-0046,2017-06-27,0.39890490877687829
AOI-0046,2017-07-02,0.31340613786238053
AOI-0046,2017-07-24,0.18901616087400377
AOI-0046,2017-08-09,0.15348346010274908
AOI-0046,2017-08-21,0.14679224895693876
AOI-0046,2017-09-10,0.2286497344086123
AOI-0046,2017-09-15,0.28198354125684716
AOI-0046,2017-10-12,0.30500158682734885
AOI-0046,2018-05-09,0.31249884826076568
AOI-0046,2018-06-01,0.1968662269272613
AOI-0046,2018-07-20,0.17778024435701312
AOI-0046,2018-08-20,0.17294160052399771
AOI-0046,2018-08-29,0.22476331819170081
AOI-0046,2018-10-15,0.1424601610096406
AOI-0046,2018-10-24,0.15065479025174744
AOI-0046,2019-04-01,0.23877774579974223
AOI-0046,2019-04-18,0.30649295221169998
AOI-0046,2019-05-19,0.76608150941740871
AOI-0046,2019-08-01,0.21880434462182008
AOI-0046,2019-09-01,0.18743932893494059
AOI-0046,2019-10-20,0.40549247029880348
AOI-0046,2020-04-04,0.8086396089770832
AOI-0046,2020-04-07,0.7773929006114958
AOI-0046,2020-05-08,0.81815068535063362
AOI-0046,2020-05-24,0.85088443247447876
AOI-0046,2020-06-09,0.68690887888223762
AOI-0046,2020-09-10,0.17473083654911459
AOI-0046,2020-09-13,0.2058793466578335
AOI-0046,2020-09-26,0.14788430161443566
AOI-0046,2020-10-21,0.14539146794220553
AOI-0046,2021-05-02,0.50965333425425641
AOI-0046,2021-05-25,0.77154677853579179
AOI-0046,2021-07-11,0.29101146216059248
AOI-0046,2021-07-28,0.31100720497588308
AOI-0046,2021-08-13,0.30612143402639475
AOI-0046,2021-08-20,0.28491589367940084
AOI-0046,2021-08-29,0.43806353948700627
AOI-0046,2021-09-06,0.40788940397297002
AOI-0046,2022-06-05,0.22821524576800872
AOI-0046,2022-07-24,0.20464247403760538
AOI-0046,2022-07-29,0.18040400115721009
AOI-0046,2022-07-30,0.19272201279190232
AOI-0046,2022-08-24,0.19270535673765574
AOI-0046,2022-08-30,0.15915351554228135
AOI-0046,2023-04-02,0.46422879906865444
AOI-0046,2023-04-29,0.81485464371585037
AOI-0046,2023-05-06,0.84377452001013042
AOI-0046,2023-06-21,0.65885788191037509
AOI-0046,2023-06-24,0.47440668815070863
AOI-0046,2023-07-22,0.22422605391113157
AOI-0046,2023-07-25,0.22394771015244827
AOI-0046,2023-08-13,0.22321545963801542
AOI-0046,2023-08-18,0.16241201616710191
AOI-0046,2023-08-25,0.16493470854998316
AOI-0046,2023-08-27,0.16414530136726999
AOI-0046,2023-08-28,0.1645871520398221
AOI-0046,2023-10-13,0.16802881253637234
AOI-0046,2023-10-29,0.24666027348633063
AOI-0046,2024-04-06,0.72821133714969744
AOI-0046,2024-05-08,0.87565774137839869
AOI-0046,2024-05-09,0.86425581392332096
AOI-0046,2024-06-01,0.79801116219646007
AOI-0046,2024-06-09,0.5583116154242328
AOI-0046,2024-07-03,0.21363550533313608
AOI-0046,2024-07-19,0.14634388279705007
AOI-0046,2024-08-09,0.15472845554879699
AOI-0046,2024-08-20,0.17935618682741358
AOI-0046,2024-08-28,0.22315473947851885
AOI-0046,2024-09-13,0.21014490243740852
AOI-0046,2024-09-22,0.16959220526729477
AOI-0046,2024-10-13,0.15716556921964842
AOI-0046,2025-06-30,0.72064493240942273
AOI-0046,2025-07-15,0.47711992757563426
AOI-0046,2025-08-07,0.4292997305263021
AOI-0046,2025-08-15,0.40989754993780669
AOI-0046,2025-09-24,0.195404606609621
AOI-0046,2025-10-02,0.17804320834257253
AOI-0047,2025-05-08,0.81197125558334338
AOI-0047,2025-05-16,0.77967404238612392
AOI-0047,2025-05-25,0.75054759380341662
AOI-0047,2025-06-15,0.38798771506013446
AOI-0047,2025-07-17,0.17651397439257871
AOI-0047,2025-07-18,0.1745377072992951
AOI-0047,2025-09-03,0.14023664183430437
AOI-0047,2025-10-15,0.17193276140579822
AOI-0047,2025-10-16,0.20465962726307249
AOI-0048,2025-04-07,0.67119538102471077
AOI-0048,2025-04-17,0.69038524152483349
AOI-0048,2025-05-09,0.74158421223629623
AOI-0048,2025-09-17,0.15116689637748276
AOI-0048,2025-09-24,0.17683983800170347
AOI-0049,2025-05-04,0.75281537366914308
AOI-0049,2025-06-26,0.27639151290146874
AOI-0049,2025-06-27,0.24289555328320286
AOI-0049,2025-07-29,0.1871350449607192
AOI-0049,2025-08-06,0.19111907302830994
AOI-0049,2025-08-12,0.18414163127527489
AOI-0049,2025-08-17,0.17983019621585178
AOI-0049,2025-09-06,0.15404357831834475
AOI-0049,2025-09-14,0.22012411483348673
AOI-0049,2025-09-26,0.21070858655980662
AOI-0049,2025-09-30,0.24614474868605463
AOI-0049,2025-10-08,0.23066786383544832
AOI-0049,2025-10-16,0.2396599244821333
AOI-0049,2025-10-28,0.25068940691533803
AOI-0050,2025-04-14,0.31450016878015052
AOI-0050,2025-04-15,0.32044877766533436
AOI-0050,2025-05-25,0.61416969652481901
AOI-0050,2025-06-27,0.51580987450838178
AOI-0050,2025-08-07,0.32093677930931797
AOI-0050,2025-08-09,0.32653413160073019
AOI-0050,2025-08-13,0.40244252317696599
AOI-0050,2025-08-17,0.3300203035776671
AOI-0050,2025-09-07,0.31984279024976398
AOI-0050,2025-09-30,0.38668185424350532
AOI-0050,2025-10-17,0.33508909254655839
AOI-0050,2025-10-28,0.34559961041942949
AOI-0051,2010-06-09,0.73537238304640751
AOI-0051,2011-06-04,0.52365323075411807
AOI-0051,2011-06-05,0.5368275891227543
AOI-0051,2011-06-12,0.71125481830206827
AOI-0051,2011-06-13,0.71170333398509278
AOI-0051,2011-09-01,0.57796120382804439
AOI-0051,2011-10-11,0.41336761005044459
AOI-0051,2012-04-27,0.50839269000544907
AOI-0051,2012-05-22,0.62294316476574307
AOI-0051,2012-08-12,0.451539102751574
AOI-0051,2012-08-26,0.42236293324721963
AOI-0051,2012-08-28,0.43628553841461509
AOI-0051,2012-09-18,0.34774906572246828
AOI-0051,2012-10-13,0.41909670724577269
AOI-0051,2013-05-01,0.74458096206505986
AOI-0051,2013-07-19,0.39757711064872614
AOI-0051,2013-07-28,0.54751391731258992
AOI-0051,2013-08-29,0.4520895908877347
AOI-0051,2013-10-07,0.47631615757043422
AOI-0051,2013-10-16,0.48060843140953585
AOI-0051,2014-04-18,0.73862859023856375
AOI-0051,2014-06-05,0.67530880052395303
AOI-0051,2014-06-10,0.6352325013990614
AOI-0051,2014-06-28,0.53773558902526852
AOI-0051,2014-09-08,0.38825666703480199
AOI-0051,2014-09-16,0.37311723023337706
AOI-0051,2015-04-07,0.31824395189945642
AOI-0051,2015-05-23,0.73432808523628579
AOI-0051,2015-06-10,0.74991154941784044
AOI-0051,2015-06-15,0.74119694559608507
AOI-0051,2015-06-26,0.69486519861126661
AOI-0051,2015-09-14,0.38162154497299239
AOI-0051,2015-09-20,0.32162364252235964
AOI-0051,2015-10-06,0.29325937414667602
AOI-0051,2016-04-06,0.65687905510118505
AOI-0051,2016-06-25,0.51193611167239927
AOI-0051,2016-07-12,0.43991168293439664
AOI-0051,2016-08-28,0.41072409164924512
AOI-0051,2016-09-14,0.31815762395355396
AOI-0051,2016-09-29,0.36672073706475994
AOI-0051,2016-10-24,-0.43740628332124543
AOI-0051,2017-05-28,0.4806443747213201
AOI-0051,2017-06-21,0.62951648507267932
AOI-0051,2017-06-28,0.63445090175747509
AOI-0051,2017-07-06,0.63833288877368377
AOI-0051,2017-07-23,0.67013517811626166
AOI-0051,2017-09-25,0.32945536295820682
AOI-0051,2017-09-30,0.37086027665761334
AOI-0051,2017-10-16,0.28207095341582783
AOI-0051,2018-04-11,0.42946559031831949
AOI-0051,2018-04-28,0.65544760037164851
AOI-0051,2018-04-29,0.66131984271769506
AOI-0051,2018-05-30,0.73027738078933702
AOI-0051,2018-06-26,0.3748100270703163
AOI-0051,2018-07-02,0.29490585796943197
AOI-0051,2018-08-02,0.35452578852514083
AOI-0051,2018-08-18,0.31071894626998797
AOI-0051,2018-09-14,0.3357194941683016
AOI-0051,2018-09-19,0.28045711562686859
AOI-0051,2018-10-14,0.2542743986643155
AOI-0051,2019-05-17,0.81060259442946658
AOI-0051,2019-05-31,0.73670710638499037
AOI-0051,2019-06-25,0.30065406277134882
AOI-0051,2019-06-30,0.28707874712492748
AOI-0051,2019-07-29,0.32968925804792293
AOI-0051,2019-08-05,0.33820780593361899
AOI-0051,2019-08-13,0.35105820029667933
AOI-0051,2019-08-22,0.26403436628112309
AOI-0051,2019-09-13,0.26736858170026623
AOI-0051,2019-10-16,0.31865334575689619
AOI-0051,2020-04-26,0.39993608678797027
AOI-0051,2020-06-09,0.74463014405468353
AOI-0051,2020-07-04,0.49263686859191658
AOI-0051,2020-07-27,0.41096213315507563
AOI-0051,2020-08-31,0.31897368956946254
AOI-0051,2020-09-07,0.26493761557892676
AOI-0051,2020-10-27,0.18144922317209289
AOI-0051,2021-05-06,0.72538485819443854
AOI-0051,2021-06-23,0.50928551038662451
AOI-0051,2021-07-19,0.30277739575535284
AOI-0051,2021-07-28,0.41537379603131602
AOI-0051,2021-08-23,0.37811300385256014
AOI-0051,2021-08-28,0.39719737037564545
AOI-0051,2021-08-29,0.43022029974891374
AOI-0051,2021-09-03,0.37179324936724828
AOI-0051,2021-09-07,0.36451675168217118
AOI-0051,2021-10-02,0.33967742032480897
AOI-0051,2021-10-21,0.28600028173615033
AOI-0051,2022-05-09,0.50782409254437222
AOI-0051,2022-05-26,0.42206710508590617
AOI-0051,2022-05-27,0.41253926448360689
AOI-0051,2022-06-11,0.65363826947971382
AOI-0051,2022-06-19,0.68996901505499098
AOI-0051,2022-06-30,0.75944755774900052
AOI-0051,2022-07-09,0.7766931142193767
AOI-0051,2022-07-12,0.73666184459331774
AOI-0051,2022-07-22,0.69529489813221235
AOI-0051,2022-07-24,0.70704594164280021
AOI-0051,2022-07-29,0.7266695165869016
AOI-0051,2022-08-13,0.65543163087760248
AOI-0051,2022-08-28,0.49477484387395393
AOI-0051,2022-09-06,0.51269578165239826
AOI-0051,2022-09-14,0.50716066098601842
AOI-0051,2022-10-07,0.38132282330171985
AOI-0051,2022-10-15,0.3294593559258237
AOI-0051,2023-04-23,0.7839987946940663
AOI-0051,2023-07-31,0.3374711217444219
AOI-0051,2023-08-28,0.37594018556060743
AOI-0051,2023-09-09,0.3344098816685207
AOI-0051,2023-09-27,0.37747883428537138
AOI-0051,2023-10-04,0.35217818522915806
AOI-0051,2024-04-05,0.27411779398620228
AOI-0051,2024-05-04,0.41577684661430536
AOI-0051,2024-05-22,0.52957265301634571
AOI-0051,2024-06-03,0.57195469335303062
AOI-0051,2024-06-23,0.48032314950003591
AOI-0051,2024-07-28,0.34343698831703612
AOI-0051,2024-08-27,0.291570483120692
AOI-0051,2024-09-03,0.25929051916807627
AOI-0051,2024-10-01,0.24978687803168284
AOI-0051,2024-10-05,0.25007125513853246
AOI-0051,2024-10-06,0.25014973347818176
AOI-0051,2024-10-15,0.32908409532504534
AOI-0051,2025-05-09,0.85405419111328373
AOI-0051,2025-06-10,0.52276990432999604
AOI-0051,2025-06-27,0.35202118093791868
AOI-0051,2025-07-05,0.31028415994868508
AOI-0051,2025-07-10,0.24702042233939225
AOI-0051,2025-08-05,0.18322757337614823
AOI-0051,2025-08-12,0.20611347348355169
AOI-0051,2025-09-15,0.22361749547409426
AOI-0051,2025-09-16,0.21553755717138615
AOI-0052,2025-04-19,0.206558842333464
AOI-0052,2025-06-08,0.37211978854080058
AOI-0052,2025-06-11,0.45729616488642361
AOI-0052,2025-07-05,0.65576964448858721
AOI-0052,2025-07-18,0.35091671417551851
AOI-0052,2025-08-22,0.14921283023371362
AOI-0052,2025-08-27,0.15115979662326631
AOI-0052,2025-09-06,0.1404795891355316
AOI-0052,2025-09-14,0.20713994081044609
AOI-0052,2025-10-17,0.25411943330817133
AOI-0053,2025-04-11,0.76166102324112039
AOI-0053,2025-04-14,0.76780536670446686
AOI-0053,2025-04-16,0.77915553430045803
AOI-0053,2025-04-19,0.79117075608945664
AOI-0053,2025-04-23,0.84854815023107144
AOI-0053,2025-06-26,0.29546455879402345
AOI-0053,2025-07-28,0.20938699266223978
AOI-0053,2025-08-02,0.16522381272284412
AOI-0053,2025-08-09,0.14946507921473337
AOI-0053,2025-08-12,0.14558135678076656
AOI-0053,2025-08-29,0.2130088414730508
AOI-0053,2025-09-01,0.16319225029206855
AOI-0053,2025-09-07,0.17480022515263099
AOI-0053,2025-09-11,0.1586022596690648
AOI-0053,2025-09-14,0.19974899443717725
AOI-0053,2025-09-15,0.17771169325183467
AOI-0053,2025-09-21,0.15726234573924494
AOI-0053,2025-09-26,0.17922360945113244
AOI-0053,2025-10-28,0.24974223736144427
AOI-0054,2025-04-11,0.55509082531186638
AOI-0054,2025-04-19,0.63242877495350258
AOI-0054,2025-05-04,0.75992852467261895
AOI-0054,2025-06-03,0.78770134488105581
AOI-0054,2025-07-28,0.65023061027599316
AOI-0054,2025-08-12,0.70805192660225769
AOI-0054,2025-09-21,0.68656004169916451
AOI-0054,2025-09-30,0.64964987858367085
AOI-0054,2025-10-16,0.64302757386601905
AOI-0055,2025-04-01,0.31408148329211583
AOI-0055,2025-04-11,0.368112189242293
AOI-0055,2025-05-09,0.53428991559663097
AOI-0055,2025-07-04,0.49440409049546979
AOI-0055,2025-07-05,0.49060719719463169
AOI-0055,2025-07-08,0.48656468358030242
AOI-0055,2025-07-23,0.43436778316092095
AOI-0055,2025-08-17,0.38057919629599524
AOI-0055,2025-09-14,0.43506042348816654
AOI-0055,2025-09-22,0.40942235944075334
AOI-0056,2025-04-23,0.81502090627383217
AOI-0056,2025-05-24,0.77178646049722921
AOI-0056,2025-06-10,0.48002576193108376
AOI-0056,2025-06-19,0.36974329915545884
AOI-0056,2025-07-18,0.1759075272475995
AOI-0056,2025-07-23,0.18147391112716363
AOI-0056,2025-08-09,0.17209417929078921
AOI-0056,2025-09-06,0.16882997600751914
AOI-0056,2025-09-08,0.18268394593924314
AOI-0056,2025-10-16,0.25889057661113085
AOI-0057,2025-05-04,0.7930807460196464
AOI-0057,2025-05-09,0.78273194130551993
AOI-0057,2025-05-19,0.53965025071250261
AOI-0057,2025-06-26,0.30030333619951488
AOI-0057,2025-06-27,0.26844136062274032
AOI-0057,2025-07-10,0.21055657769562283
AOI-0057,2025-07-13,0.20363025834896065
AOI-0057,2025-07-18,0.20359586905796578
AOI-0057,2025-08-05,0.17093521939172315
AOI-0057,2025-08-27,0.15560060490046743
AOI-0057,2025-09-01,0.15565968197248478
AOI-0057,2025-09-21,0.16433330335605084
AOI-0058,2010-04-23,0.39776665421692248
AOI-0058,2010-08-13,0.43673392892433505
AOI-0058,2010-08-29,0.39160764697311118
AOI-0058,2010-09-05,0.33186039411037416
AOI-0058,2011-04-02,0.35908046052927789
AOI-0058,2011-04-26,0.53387282330121011
AOI-0058,2011-06-12,0.74318987885433996
AOI-0058,2011-07-15,0.52291413133539566
AOI-0058,2011-08-29,0.4229106795684543
AOI-0058,2011-09-01,0.31605707186837573
AOI-0058,2011-10-02,0.2984016171746835
AOI-0058,2011-10-27,0.41041488580852842
AOI-0058,2012-04-22,0.54829419086218434
AOI-0058,2012-06-09,0.64642181689179579
AOI-0058,2012-06-23,0.63602207931509014
AOI-0058,2012-07-11,0.57180907018036453
AOI-0058,2012-08-12,0.46378221920958845
AOI-0058,2012-09-11,0.39887964955426036
AOI-0058,2013-04-07,0.37704624458713065
AOI-0058,2013-04-23,0.3703932634490481
AOI-0058,2013-05-09,0.45917706101656264
AOI-0058,2013-06-09,0.59069225208646081
AOI-0058,2013-06-10,0.62297909409583996
AOI-0058,2013-07-11,0.72116760219019671
AOI-0058,2013-07-19,0.68292580037333794
AOI-0058,2013-08-28,0.23082871073481184
AOI-0058,2013-10-16,0.30859640288706658
AOI-0058,2013-10-24,0.27471943745236638
AOI-0058,2014-04-25,0.83765064260710864
AOI-0058,2014-06-05,0.7582985654814991
AOI-0058,2014-06-10,0.70486810293282831
AOI-0058,2014-09-14,0.34790612796368592
AOI-0058,2015-04-28,0.43073084021300101
AOI-0058,2015-05-09,0.65771933996450838
AOI-0058,2015-09-03,0.47579126601173916
AOI-0058,2015-09-27,0.51089928998887413
AOI-0058,2016-04-06,0.68800573126285314
AOI-0058,2016-04-30,0.83169565198574658
AOI-0058,2016-06-09,0.84791221545356488
AOI-0058,2016-07-27,0.52345997149407475
AOI-0058,2016-07-28,0.49515095189697245
AOI-0058,2016-08-13,0.47066197688722683
AOI-0058,2017-04-25,0.79421619387634956
AOI-0058,2017-07-15,0.23728986421771825
AOI-0058,2017-09-13,0.23449799769757512
AOI-0058,2017-09-16,0.22692915941091493
AOI-0058,2018-05-15,0.65270002014099582
AOI-0058,2018-07-26,0.50090716629108167
AOI-0058,2018-08-02,0.49986079322629556
AOI-0058,2019-04-23,0.84585965984355538
AOI-0058,2019-05-25,0.84084897506680734
AOI-0058,2019-06-25,0.3123337070228151
AOI-0058,2019-06-27,0.28539347274831484
AOI-0058,2019-07-04,0.27722065806714125
AOI-0058,2019-08-30,0.21057808037429382
AOI-0058,2019-09-28,0.16821869519193827
AOI-0058,2019-09-30,0.2166966534923212
AOI-0058,2020-04-17,0.43439839101722244
AOI-0058,2020-05-04,0.51298454793556902
AOI-0058,2020-06-05,0.62791436588726302
AOI-0058,2020-06-29,0.59578371184929735
AOI-0058,2020-07-06,0.54646173734854664
AOI-0058,2020-07-22,0.42477779672572369
AOI-0058,2020-07-30,0.38605428541906234
AOI-0058,2020-08-07,0.36199738960559114
AOI-0058,2020-08-12,0.44926068658901269
AOI-0058,2020-08-23,0.35373595287376375
AOI-0058,2020-08-28,0.38207414696274777
AOI-0058,2020-09-24,0.30340143781874973
AOI-0058,2020-10-27,0.26053532250925293
AOI-0058,2021-04-15,0.53687709940495443
AOI-0058,2021-05-09,0.68096532113800667
AOI-0058,2021-05-31,0.68910972080832877
AOI-0058,2021-07-09,0.59665402183486349
AOI-0058,2021-07-14,0.52801159435651734
AOI-0058,2021-07-25,0.48258584536126314
AOI-0058,2021-08-13,0.37616738355368567
AOI-0058,2021-08-28,0.33930378090009689
AOI-0058,2021-09-27,0.50974926773496687
AOI-0058,2022-06-10,0.81938595899375533
AOI-0058,2022-06-18,0.7967972523956367
AOI-0058,2022-07-04,0.27187586060121266
AOI-0058,2022-07-12,0.28786623258730487
AOI-0058,2022-07-17,0.22243325768289124
AOI-0058,2022-07-29,0.20393709202561106
AOI-0058,2022-09-14,0.27777108857029331
AOI-0058,2023-05-09,0.59045000925880609
AOI-0058,2023-05-20,0.63297784240148791
AOI-0058,2023-06-28,0.78913335518843353
AOI-0058,2023-08-17,0.50829337501211858
AOI-0058,2023-09-02,0.43184926875070828
AOI-0058,2023-09-10,0.46621915023010779
AOI-0058,2023-09-27,0.49572406697136212
AOI-0058,2023-10-12,0.45456370958862763
AOI-0058,2024-04-09,0.70978306425806648
AOI-0058,2024-05-09,0.76850854572962668
AOI-0058,2024-06-03,0.65399072684025672
AOI-0058,2024-06-23,0.3961811259838402
AOI-0058,2024-06-28,0.37843510231114291
AOI-0058,2024-07-09,0.34138191898493142
AOI-0058,2024-07-26,0.26340555872578392
AOI-0058,2024-07-27,0.31161790849712317
AOI-0058,2024-08-18,0.24592840985807282
AOI-0058,2024-08-27,0.25005026277124254
AOI-0058,2024-08-28,0.29190106552396311
AOI-0058,2024-09-21,0.22875794208749609
AOI-0058,2024-09-28,0.2246470295221511
AOI-0058,2024-10-01,0.21117390204309952
AOI-0058,2024-10-30,0.2317929404810892
AOI-0058,2025-04-07,0.51063539037447614
AOI-0058,2025-04-16,0.52068275454801549
AOI-0058,2025-04-24,0.60166642172933193
AOI-0058,2025-07-18,0.35431106670866291
AOI-0058,2025-07-28,0.34585450587352423
AOI-0058,2025-08-02,0.2763800326051718
AOI-0058,2025-08-06,0.27458073252290749
AOI-0058,2025-08-09,0.23638244307184664
AOI-0058,2025-08-12,0.22421010511393055
AOI-0058,2025-08-14,0.17726733533144895
AOI-0058,2025-09-14,0.23301339995749382
AOI-0058,2025-09-22,0.19129978058512342
AOI-0059,2010-06-26,0.78335224399635184
AOI-0059,2010-07-19,0.7036514535266809
AOI-0059,2010-08-28,0.26590640397266629
AOI-0059,2011-04-23,0.73137046297144592
AOI-0059,2011-05-27,0.65830294574644721
AOI-0059,2011-05-28,0.65626423980749216
AOI-0059,2011-06-12,0.71346266821629212
AOI-0059,2011-06-26,0.71775593743921751
AOI-0059,2011-07-07,0.67084119220969318
AOI-0059,2011-07-28,0.54306896962469753
AOI-0059,2011-08-08,0.48573057976977335
AOI-0059,2011-08-23,0.50749012432252605
AOI-0059,2012-04-04,0.53587993639542209
AOI-0059,2012-08-12,0.3834349941177484
AOI-0059,2012-08-26,0.32097505350342326
AOI-0059,2012-09-11,0.29112840131194667
AOI-0059,2012-10-13,0.33910233609327067
AOI-0059,2013-05-09,0.87065107919539175
AOI-0059,2013-06-18,0.30033372253366319
AOI-0059,2013-07-20,0.2073392099120959
AOI-0059,2013-08-13,0.27663076433446265
AOI-0059,2013-08-21,0.21551209766954516
AOI-0059,2013-10-16,0.34001170158273342
AOI-0059,2014-05-09,0.899729110160704
AOI-0059,2014-10-27,0.21934640567000305
AOI-0059,2015-04-13,0.29075233984404691
AOI-0059,2015-05-22,0.37421110750487052
AOI-0059,2015-06-07,0.75934243859664152
AOI-0059,2015-08-02,0.75735078111377097
AOI-0059,2015-08-10,0.73913262777141309
AOI-0059,2015-08-29,0.59785957795169253
AOI-0059,2015-09-27,0.50683746893362636
AOI-0059,2015-09-30,0.39578003450497473
AOI-0059,2016-05-25,0.86376013723634215
AOI-0059,2016-07-04,0.3640874320216031
AOI-0059,2016-09-14,0.22574033791686077
AOI-0059,2016-10-24,0.25191683231934281
AOI-0059,2017-04-02,0.65801344915206961
AOI-0059,2017-05-06,0.85330181744527056
AOI-0059,2017-05-27,0.89049531202407983
AOI-0059,2017-06-04,0.89692977793845952
AOI-0059,2017-06-10,0.85900249665773054
AOI-0059,2017-07-12,0.31324380884084435
AOI-0059,2017-07-23,0.22223527370728793
AOI-0059,2017-07-28,0.26506430569480066
AOI-0059,2017-08-13,0.23410157745795124
AOI-0059,2017-08-29,0.27418614075387315
AOI-0059,2017-09-24,0.19582774539754882
AOI-0059,2018-04-07,0.32496717705599609
AOI-0059,2018-05-22,0.36434983675612059
AOI-0059,2018-05-31,0.42233602320010544
AOI-0059,2018-07-09,0.61009673914481766
AOI-0059,2018-07-18,0.51103768916335912
AOI-0059,2018-07-26,0.47859310494246504
AOI-0059,2018-08-02,0.37608412795821489
AOI-0059,2018-08-10,0.34458118393190817
AOI-0059,2018-08-13,0.35742557625742144
AOI-0059,2018-10-06,0.1939882683561058
AOI-0059,2019-04-11,0.68665078001780311
AOI-0059,2019-04-21,0.74126294885033628
AOI-0059,2019-04-23,0.78201390530305093
AOI-0059,2019-05-21,0.84118043230399497
AOI-0059,2019-06-02,0.81144521839808736
AOI-0059,2019-06-05,0.80060092328185073
AOI-0059,2019-06-10,0.76019812089022643
AOI-0059,2019-06-15,0.58569030773380126
AOI-0059,2019-06-30,0.23599204120266606
AOI-0059,2019-07-29,0.24694691531145996
AOI-0059,2019-08-21,0.18922237214000504
AOI-0059,2019-08-24,0.19147051159301509
AOI-0059,2019-09-03,0.19005223820065792
AOI-0059,2019-10-13,0.23535543122043937
AOI-0059,2019-10-24,0.24123455174963429
AOI-0059,2020-04-09,0.2283479741025744
AOI-0059,2020-04-18,0.21373848729028089
AOI-0059,2020-04-25,0.20203849212790265
AOI-0059,2020-05-08,0.45962046361665904
AOI-0059,2020-05-12,0.32326250761557151
AOI-0059,2020-06-05,0.6409207171796758
AOI-0059,2020-07-11,0.71176763404125354
AOI-0059,2020-07-30,0.71053108458239245
AOI-0059,2020-10-26,0.20538566587646742
AOI-0059,2021-06-19,0.65897356971469323
AOI-0059,2021-06-23,0.63283912799886577
AOI-0059,2021-06-29,0.41306813896380767
AOI-0059,2021-07-28,0.33752524291047581
AOI-0059,2021-07-29,0.27282646417643686
AOI-0059,2021-08-18,0.38007356718943502
AOI-0059,2021-08-28,0.60357701487177307
AOI-0059,2021-09-07,0.76711272672644226
AOI-0059,2021-09-17,0.72706843945498389
AOI-0059,2021-09-28,0.30037361704224769
AOI-0059,2021-09-30,0.31924738608667647
AOI-0059,2021-10-16,0.25495945326376901
AOI-0059,2022-04-15,0.24244495632696933
AOI-0059,2022-06-10,0.77715418303855421
AOI-0059,2022-06-11,0.77635441815079209
AOI-0059,2022-07-20,0.79354803243110095
AOI-0059,2022-08-18,0.70132316876813861
AOI-0059,2022-09-27,0.41041676208902705
AOI-0059,2022-10-08,0.42089131067324703
AOI-0059,2023-05-13,0.87067387659789663
AOI-0059,2023-05-25,0.870439494329737
AOI-0059,2023-06-18,0.81871323471229351
AOI-0059,2023-07-16,0.24760222044363844
AOI-0059,2023-07-29,0.19985087399643306
AOI-0059,2023-09-30,0.24376804216367814
AOI-0059,2023-10-12,0.21681919538648114
AOI-0059,2023-10-16,0.2669215920914268
AOI-0059,2024-04-04,0.28725152846139251
AOI-0059,2024-04-13,0.28079215516008899
AOI-0059,2024-04-22,0.46085708227659627
AOI-0059,2024-05-19,0.29142094899761495
AOI-0059,2024-06-09,0.59765715799326091
AOI-0059,2024-07-13,0.3633406342143613
AOI-0059,2024-07-17,0.36498054952831627
AOI-0059,2024-07-27,0.28281196170751577
AOI-0059,2024-09-11,0.18234443722722743
AOI-0059,2025-04-01,0.64732706687564578
AOI-0059,2025-04-23,0.83042992818182682
AOI-0059,2025-05-01,0.85246426788805085
AOI-0059,2025-05-09,0.83766385621906159
AOI-0059,2025-05-17,0.83420809468703827
AOI-0059,2025-06-10,0.41114876093691782
AOI-0059,2025-08-29,0.20007512916011494
AOI-0059,2025-09-07,0.16389642106506833
AOI-0059,2025-10-08,0.19080753070118653
AOI-0059,2025-10-28,0.23311640864766639
AOI-0060,2025-04-14,0.73154639755635986
AOI-0060,2025-04-29,0.78114945280089265
AOI-0060,2025-06-03,0.4969556244562614
AOI-0060,2025-07-04,0.55728424899143625
AOI-0060,2025-07-05,0.55173727809054096
AOI-0060,2025-07-21,0.2960126322147914
AOI-0060,2025-08-05,0.21482724546206627
AOI-0060,2025-08-29,0.25366488363826623
AOI-0060,2025-08-30,0.2154861233273335
AOI-0060,2025-09-01,0.18853967816284253
AOI-0060,2025-09-11,0.18955585797857313
AOI-0061,2010-04-23,0.4151957520780023
AOI-0061,2010-05-26,0.6771123333889586
AOI-0061,2010-06-11,0.73032375403987149
AOI-0061,2011-06-30,0.5492179551903571
AOI-0061,2011-07-28,0.47027595887830548
AOI-0061,2011-09-18,0.34255045294751901
AOI-0061,2011-09-26,0.36403424025302744
AOI-0061,2012-04-06,0.35909087532522155
AOI-0061,2012-05-24,0.69698862191056721
AOI-0061,2012-08-28,0.49466886553565975
AOI-0061,2012-09-04,0.43811822053407024
AOI-0061,2012-10-22,0.21401639939528225
AOI-0061,2013-04-16,0.68170140916762967
AOI-0061,2013-06-10,0.65798139374824383
AOI-0061,2013-06-26,0.49251874338909157
AOI-0061,2013-08-29,0.26946878990334783
AOI-0061,2013-09-14,0.26685783701898369
AOI-0061,2013-10-09,0.21078866102982008
AOI-0061,2014-04-27,0.8598388907971708
AOI-0061,2014-06-26,0.3830980876616053
AOI-0061,2014-07-28,0.27071307456803451
AOI-0061,2015-04-07,0.34070146691058256
AOI-0061,2015-05-08,0.27798345655766671
AOI-0061,2015-09-29,0.28243398620077009
AOI-0061,2016-04-22,0.75602162626606595
AOI-0061,2016-06-19,0.6060002034836155
AOI-0061,2016-06-27,0.48407839089319582
AOI-0061,2016-07-13,0.39858164241681482
AOI-0061,2017-04-03,0.20131496113543845
AOI-0061,2017-05-25,0.48030382202829192
AOI-0061,2017-07-02,0.87989724953330506
AOI-0061,2017-07-27,0.76761557985619255
AOI-0061,2017-08-11,0.51631539404511284
AOI-0061,2017-09-02,0.26937384622249472
AOI-0061,2018-04-07,0.78831374814312594
AOI-0061,2018-06-10,0.71015540817360312
AOI-0061,2019-04-09,0.19715594860742855
AOI-0061,2019-05-13,0.35010902087647966
AOI-0061,2019-05-21,0.43555691932641222
AOI-0061,2019-05-25,0.70399504657317824
AOI-0061,2019-06-27,0.73691180587414684
AOI-0061,2019-07-12,0.71172217516031966
AOI-0061,2019-08-21,0.63482674722158705
AOI-0061,2019-09-14,0.32969149421929489
AOI-0061,2019-09-23,0.2002164843726657
AOI-0061,2019-10-18,0.29629719944710958
AOI-0061,2019-10-20,0.29951504602667206
AOI-0061,2020-04-17,0.3800059392012991
AOI-0061,2020-05-24,0.6563974228259124
AOI-0061,2020-07-16,0.29520347668739072
AOI-0061,2020-07-19,0.29148248802533511
AOI-0061,2020-07-24,0.29889586716667971
AOI-0061,2020-07-27,0.35273622454825204
AOI-0061,2020-08-08,0.23959158221787391
AOI-0061,2020-08-17,0.23604031924934404
AOI-0061,2020-08-18,0.23377523509162176
AOI-0061,2020-08-23,0.21264695456636523
AOI-0061,2020-09-18,0.15131186305049124
AOI-0061,2020-10-17,0.15660346670123093
AOI-0061,2020-10-29,0.15633774095247049
AOI-0061,2021-05-05,0.87472311744130982
AOI-0061,2021-05-08,0.89495109524331584
AOI-0061,2021-05-15,0.8933195017580412
AOI-0061,2021-07-21,0.20649109986211239
AOI-0061,2021-07-24,0.20594090099259516
AOI-0061,2021-08-04,0.253007095624875
AOI-0061,2021-08-28,0.32591522151911273
AOI-0061,2021-08-29,0.36601533798297864
AOI-0061,2021-10-29,0.23891396285773178
AOI-0061,2022-04-09,0.20823941024768555
AOI-0061,2022-05-09,0.43074529104889403
AOI-0061,2022-05-22,0.45707574061705114
AOI-0061,2022-05-25,0.57759404337836462
AOI-0061,2022-05-27,0.46948027633923228
AOI-0061,2022-06-12,0.79609309686641749
AOI-0061,2022-06-29,0.84082922328030396
AOI-0061,2022-07-06,0.8097956550658405
AOI-0061,2022-07-21,0.80072177767736563
AOI-0061,2022-07-22,0.79703967511585205
AOI-0061,2022-07-28,0.77216944119469777
AOI-0061,2022-08-23,0.31583086927323567
AOI-0061,2023-04-07,0.57396972675702196
AOI-0061,2023-04-25,0.70816383994535381
AOI-0061,2023-05-05,0.7389944647430321
AOI-0061,2023-05-06,0.74006020861103483
AOI-0061,2023-05-17,0.75625930134971331
AOI-0061,2023-06-06,0.82281817333545271
AOI-0061,2023-06-21,0.77163894026001523
AOI-0061,2023-07-17,0.45525394647116768
AOI-0061,2023-07-21,0.44280737049179958
AOI-0061,2023-07-27,0.44797004516246341
AOI-0061,2023-09-24,0.16442896354740205
AOI-0061,2023-10-14,0.16995478113250212
AOI-0061,2023-10-29,0.14392710015319699
AOI-0061,2024-04-29,0.40326520557748519
AOI-0061,2024-05-01,0.41488042007495035
AOI-0061,2024-05-08,0.5406768275418532
AOI-0061,2024-06-20,0.50597354950504236
AOI-0061,2024-07-15,0.42420278013120505
AOI-0061,2024-08-09,0.33176466364351226
AOI-0061,2024-08-12,0.37891359280822517
AOI-0061,2024-09-06,0.20221395122117886
AOI-0061,2024-09-26,0.18414260651693307
AOI-0061,2024-10-07,0.19454160803049317
AOI-0061,2025-04-16,0.69160534066641433
AOI-0061,2025-04-19,0.72806800421642359
AOI-0061,2025-05-28,0.86032969753770505
AOI-0061,2025-06-28,0.49689360066093236
AOI-0061,2025-07-07,0.38882488930512543
AOI-0061,2025-07-10,0.3178352667031728
AOI-0061,2025-07-28,0.25621176209423907
AOI-0061,2025-08-16,0.19638992586307771
AOI-0061,2025-08-29,0.26148213702831707
AOI-0061,2025-09-24,0.29569892082025973
AOI-0061,2025-09-26,0.32167180342486978
AOI-0061,2025-10-16,0.35503044204731687
AOI-0062,2010-04-24,0.81554174289704329
AOI-0062,2010-05-09,0.88622804179042736
AOI-0062,2010-05-26,0.8148262908454198
AOI-0062,2010-08-13,0.21959496266458617
AOI-0062,2010-10-16,0.29480022993572863
AOI-0062,2011-06-14,0.67912364062560759
AOI-0062,2011-07-28,0.43780990499738398
AOI-0062,2011-10-16,0.39968239405660244
AOI-0062,2012-06-09,0.67511692502811849
AOI-0062,2012-08-28,0.24461078551033172
AOI-0062,2012-09-04,0.20975792914960298
AOI-0062,2012-09-13,0.25483494149772706
AOI-0062,2013-04-23,0.37449453781974662
AOI-0062,2013-07-12,0.68451710113341979
AOI-0062,2013-07-28,0.6784433440562615
AOI-0062,2013-09-14,0.33064857964609529
AOI-0062,2013-10-16,0.25855656804568794
AOI-0062,2014-06-30,0.31031399456179937
AOI-0062,2014-10-04,0.40146691924277678
AOI-0062,2015-04-22,0.67162955625946097
AOI-0062,2015-05-09,0.70074081620450424
AOI-0062,2015-09-05,0.19267899816736261
AOI-0062,2015-09-21,0.23401748875772568
AOI-0062,2016-05-08,0.9059661015463365
AOI-0062,2016-07-11,0.30488983789106294
AOI-0062,2016-07-27,0.33888171051278887
AOI-0062,2016-09-13,0.25934814540411277
AOI-0062,2016-10-25,0.30009401324866541
AOI-0062,2017-04-07,0.27864141571096795
AOI-0062,2017-07-28,0.69246676880844515
AOI-0062,2017-09-15,0.17715978897021978
AOI-0062,2018-04-06,0.68839344647094491
AOI-0062,2018-04-07,0.74603349615116765
AOI-0062,2018-06-02,0.79615741699694897
AOI-0062,2018-06-25,0.29039677124257079
AOI-0062,2018-07-28,0.26036344970207431
AOI-0062,2018-08-28,0.18372644121210321
AOI-0062,2019-04-08,0.19921912337369199
AOI-0062,2019-04-11,0.18122008739384995
AOI-0062,2019-06-17,0.72174640694206338
AOI-0062,2019-07-06,0.73977899435153804
AOI-0062,2019-08-09,0.68618111379235402
AOI-0062,2019-08-23,0.38346811615532417
AOI-0062,2019-09-23,0.1583164706596259
AOI-0062,2019-10-18,0.20740479626613775
AOI-0062,2019-10-23,0.2045462284999166
AOI-0062,2019-10-28,0.20404908978658937
AOI-0062,2020-04-30,0.74384004851230223
AOI-0062,2020-05-30,0.78598621005284086
AOI-0062,2020-06-16,0.5457244913255197
AOI-0062,2020-07-26,0.16875122395193179
AOI-0062,2020-08-18,0.18457876412657986
AOI-0062,2020-08-20,0.17951094585879523
AOI-0062,2020-08-23,0.1774472379654406
AOI-0062,2020-08-25,0.17874373257539244
AOI-0062,2020-09-07,0.1451840347291399
AOI-0062,2020-09-09,0.14565138941859199
AOI-0062,2020-10-07,0.16208043760028126
AOI-0062,2020-10-15,0.20085739806236685
AOI-0062,2021-04-23,0.31093161115753215
AOI-0062,2021-05-05,0.20834388351222149
AOI-0062,2021-05-08,0.23276177607479243
AOI-0062,2021-05-12,0.22541015641649909
AOI-0062,2021-06-06,0.3279486788367193
AOI-0062,2021-06-10,0.53217765512482795
AOI-0062,2021-07-01,0.72219626057014363
AOI-0062,2021-07-26,0.72668675247149606
AOI-0062,2021-07-29,0.710034858104723
AOI-0062,2021-09-12,0.25166159031073038
AOI-0062,2021-09-13,0.26765041897900455
AOI-0062,2021-09-19,0.20333931640317682
AOI-0062,2021-09-27,0.199854111190506
AOI-0062,2021-09-29,0.20497373227172613
AOI-0062,2021-10-07,0.17500441253067486
AOI-0062,2021-10-16,0.23445582747542126
AOI-0062,2022-04-10,0.7189723882393132
AOI-0062,2022-04-27,0.8505323448629063
AOI-0062,2022-05-11,0.87391264299489235
AOI-0062,2022-05-25,0.84150759848688217
AOI-0062,2022-07-21,0.21512386758715726
AOI-0062,2022-07-24,0.20844069116678354
AOI-0062,2022-08-23,0.16663813607948344
AOI-0062,2022-09-14,0.227120289363057
AOI-0062,2022-09-18,0.1795822934806508
AOI-0062,2022-09-30,0.21285402747329102
AOI-0062,2022-10-19,0.16807827951334908
AOI-0062,2023-05-17,0.37225592912614558
AOI-0062,2023-06-18,0.88414363201677171
AOI-0062,2023-06-24,0.87878927723171885
AOI-0062,2023-07-14,0.80163759012732461
AOI-0062,2023-08-05,0.4441507170643853
AOI-0062,2023-08-25,0.16650779886923919
AOI-0062,2023-09-17,0.14449575008264631
AOI-0062,2023-10-12,0.17488903928844435
AOI-0062,2023-10-16,0.22410086764667281
AOI-0062,2024-04-22,0.86684935093185855
AOI-0062,2024-06-03,0.77198452744634716
AOI-0062,2024-06-08,0.71511241758003197
AOI-0062,2024-06-23,0.25384701457124281
AOI-0062,2024-07-30,0.14243681558995649
AOI-0062,2024-08-04,0.13716672588324111
AOI-0062,2024-08-12,0.20087119050938299
AOI-0062,2024-09-06,0.13046023203870119
AOI-0062,2024-10-26,0.17591263334793356
AOI-0062,2025-04-01,0.25448279081360692
AOI-0062,2025-04-07,0.33146190380486551
AOI-0062,2025-04-11,0.24269781728260284
AOI-0062,2025-04-24,0.26953165172074633
AOI-0062,2025-04-29,0.27696818396754358
AOI-0062,2025-05-28,0.48906597371998706
AOI-0062,2025-06-28,0.84707667112235918
AOI-0062,2025-07-06,0.8053080917863209
AOI-0062,2025-07-07,0.79892470193126408
AOI-0062,2025-07-15,0.53622142350789725
AOI-0062,2025-07-25,0.41720451654410096
AOI-0062,2025-08-02,0.29172537301811896
AOI-0062,2025-08-17,0.24932255087257146
AOI-0062,2025-09-24,0.19489706423970332
AOI-0062,2025-09-30,0.27348344086240478
AOI-0062,2025-10-08,0.18042722342383227
AOI-0062,2025-10-13,0.19245731137881217
AOI-0063,2025-04-14,0.24773794009707006
AOI-0063,2025-04-19,0.26451449678533073
AOI-0063,2025-04-23,0.36435330573720709
AOI-0063,2025-04-24,0.31373145743697239
AOI-0063,2025-05-06,0.27366707955299896
AOI-0063,2025-05-25,0.55242647491673025
AOI-0063,2025-06-05,0.71994726475537341
AOI-0063,2025-06-25,0.74805340891825833
AOI-0063,2025-06-28,0.75533952103443835
AOI-0063,2025-06-30,0.76327236408398313
AOI-0063,2025-07-06,0.78413105325322863
AOI-0063,2025-07-07,0.77841633903493768
AOI-0063,2025-07-22,0.54918346300982224
AOI-0063,2025-08-23,0.40599912283719469
AOI-0063,2025-09-13,0.28763101142477665
AOI-0063,2025-09-14,0.33088005647844965
AOI-0064,2025-04-14,0.44254086232824996
AOI-0064,2025-04-23,0.57309979749718098
AOI-0064,2025-04-24,0.51737044268583943
AOI-0064,2025-06-03,0.75643018268376017
AOI-0064,2025-06-05,0.77779424499523553
AOI-0064,2025-06-26,0.43606750946756379
AOI-0064,2025-06-27,0.39013555332922073
AOI-0064,2025-06-28,0.36230574164604507
AOI-0064,2025-07-10,0.23615005623140822
AOI-0064,2025-08-12,0.16210066902553733
AOI-0064,2025-08-19,0.17370180483178105
AOI-0064,2025-08-27,0.15708579287911992
AOI-0064,2025-08-31,0.18894708242200497
AOI-0064,2025-09-13,0.19808503387293028
AOI-0064,2025-10-06,0.21066103068259068
AOI-0064,2025-10-13,0.17855056445072842
AOI-0065,2025-04-19,0.42831821633616574
AOI-0065,2025-05-01,0.47733577000879973
AOI-0065,2025-06-04,0.50036618020199208
AOI-0065,2025-06-05,0.4908346154147461
AOI-0065,2025-06-08,0.51150342833083529
AOI-0065,2025-06-26,0.61176275153696935
AOI-0065,2025-07-15,0.4455034230787705
AOI-0065,2025-07-18,0.43918071406874615
AOI-0065,2025-08-07,0.22925135090208323
AOI-0065,2025-08-17,0.23446735202853425
AOI-0065,2025-09-14,0.29604242877068004
AOI-0065,2025-09-25,0.26160269381406426
AOI-0065,2025-09-30,0.31322593572878354
AOI-0065,2025-10-08,0.24307882032498038
AOI-0066,2025-06-05,0.47361182238917726
AOI-0066,2025-07-05,0.80204276975435018
AOI-0066,2025-07-15,0.71748937350917708
AOI-0066,2025-07-25,0.54453296519095395
AOI-0066,2025-07-27,0.52163492328254468
AOI-0066,2025-08-14,0.30520324462760773
AOI-0066,2025-09-01,0.17759905740674739
AOI-0067,2010-04-25,0.1918258028527656
AOI-0067,2010-06-20,0.188762325424917
AOI-0067,2010-06-26,0.2310916729262899
AOI-0067,2010-07-13,0.17661078625258494
AOI-0067,2010-07-21,0.17138082812252745
AOI-0067,2010-08-06,0.16126381601111628
AOI-0067,2010-08-07,0.16045833591816325
AOI-0067,2010-08-15,0.1638963147350975
AOI-0067,2010-09-23,0.17069456168551037
AOI-0067,2010-10-09,0.17012231569084493
AOI-0067,2011-05-09,0.33265842471491475
AOI-0067,2011-05-14,0.22447640948340727
AOI-0067,2011-09-03,0.34878045315131867
AOI-0067,2011-09-19,0.31833668665444909
AOI-0067,2012-05-08,0.39672066000415601
AOI-0067,2012-06-09,0.28567844057337805
AOI-0067,2012-07-27,0.18385187365168615
AOI-0067,2012-09-29,0.18769475280534981
AOI-0067,2013-07-30,0.2585923144011808
AOI-0067,2013-08-29,0.39219300792813122
AOI-0067,2014-05-21,0.23147779478158151
AOI-0067,2014-05-25,0.32777699249755071
AOI-0067,2014-06-06,0.21222769550286011
AOI-0067,2014-06-07,0.21177917525893045
AOI-0067,2014-07-01,0.21768052740562352
AOI-0067,2014-07-16,0.18913807263914176
AOI-0067,2014-07-17,0.18945068968181583
AOI-0067,2014-09-14,0.22041631125980543
AOI-0067,2014-10-12,0.16216316410313486
AOI-0067,2015-04-15,0.17032861103030597
AOI-0067,2015-05-09,0.32091575604750777
AOI-0067,2015-06-02,0.20922680551399353
AOI-0067,2015-06-18,0.26840412395376417
AOI-0067,2015-07-12,0.45889282666086206
AOI-0067,2015-07-20,0.39399809179608558
AOI-0067,2015-08-29,0.49295287935971671
AOI-0067,2015-09-14,0.36664996169923686
AOI-0067,2015-09-29,0.27057687795708274
AOI-0067,2016-05-03,0.23727546294623247
AOI-0067,2016-05-10,0.23429151642713403
AOI-0067,2016-05-11,0.23397832963567511
AOI-0067,2016-06-25,0.23783361891283678
AOI-0067,2016-07-14,0.21242551311369534
AOI-0067,2016-07-27,0.31809501713308658
AOI-0067,2016-09-29,0.23016640265031468
AOI-0067,2016-10-25,0.18188615667708719
AOI-0067,2017-04-04,0.16079081346373966
AOI-0067,2017-04-28,0.18636601914831469
AOI-0067,2017-05-05,0.18671723862484113
AOI-0067,2017-06-07,0.29150879049865241
AOI-0067,2017-07-09,0.47255503922780162
AOI-0067,2017-07-25,0.53048528317985655
AOI-0067,2017-08-02,0.57710412897287366
AOI-0067,2017-08-11,0.55123918798018767
AOI-0067,2017-08-13,0.53773425962273924
AOI-0067,2017-08-29,0.53794286956661763
AOI-0067,2017-09-14,0.46337094251755212
AOI-0067,2017-09-20,0.39967920621727804
AOI-0067,2018-04-06,0.12178777134437346
AOI-0067,2018-04-23,0.25668458181788478
AOI-0067,2018-05-25,0.26833426391697607
AOI-0067,2018-07-11,0.13595108636345851
AOI-0067,2018-08-29,0.21346773419014758
AOI-0067,2019-05-08,0.71318473093342083
AOI-0067,2019-05-28,0.79419132943998283
AOI-0067,2019-06-12,0.47713948773953035
AOI-0067,2019-07-12,0.23760140370489713
AOI-0067,2019-07-14,0.1972024556532469
AOI-0067,2019-07-28,0.39490860471509653
AOI-0067,2019-08-08,0.38610678777760565
AOI-0067,2019-08-11,0.37622342242258061
AOI-0067,2019-08-29,0.32621714721150469
AOI-0067,2019-09-05,0.27127471429023831
AOI-0067,2019-09-16,0.24856079271515677
AOI-0067,2019-09-24,0.25593740036093926
AOI-0067,2019-10-02,0.27978467529517409
AOI-0067,2019-10-03,0.28000419178059255
AOI-0067,2019-10-15,0.27720472277909586
AOI-0067,2020-04-22,0.27374092269715011
AOI-0067,2020-04-27,0.21842120323218669
AOI-0067,2020-05-02,0.21846428280555147
AOI-0067,2020-05-08,0.3109843006604025
AOI-0067,2020-07-06,0.61867591761223362
AOI-0067,2020-07-25,0.42886766878751814
AOI-0067,2020-07-26,0.44409292341218121
AOI-0067,2020-07-27,0.45469131164726523
AOI-0067,2020-08-25,0.35536259791826641
AOI-0067,2020-10-15,0.2600531343219914
AOI-0067,2021-05-16,0.246896589640548
AOI-0067,2021-06-06,0.58558034606427878
AOI-0067,2021-06-16,0.66121614296987352
AOI-0067,2021-06-18,0.65738611034767425
AOI-0067,2021-07-04,0.41953395719499609
AOI-0067,2021-08-30,0.27241646124456437
AOI-0067,2021-09-09,0.29016374530596745
AOI-0067,2021-10-09,0.15920706974108906
AOI-0067,2022-04-02,0.13704567136872101
AOI-0067,2022-04-23,0.29160654986915208
AOI-0067,2022-04-26,0.19538607550809467
AOI-0067,2022-06-01,0.21399320331238675
AOI-0067,2022-07-01,0.61923437314281127
AOI-0067,2022-08-23,0.43468437070694693
AOI-0067,2022-08-24,0.4383301911294914
AOI-0067,2022-08-29,0.44042386374047848
AOI-0067,2022-09-01,0.36656381265002064
AOI-0067,2022-09-25,0.32469602049233959
AOI-0067,2022-10-09,0.32834903350085726
AOI-0067,2022-10-14,0.33897300416511933
AOI-0067,2023-04-23,0.29725170412342072
AOI-0067,2023-05-31,0.18179048967851563
AOI-0067,2023-06-30,0.67007069166280042
AOI-0067,2023-07-12,0.65855657077626562
AOI-0067,2023-07-21,0.59762779152420531
AOI-0067,2023-07-27,0.48106559229445484
AOI-0067,2023-08-26,0.30022771486865174
AOI-0067,2023-09-24,0.20957793647640266
AOI-0067,2023-09-27,0.21607858685115233
AOI-0067,2023-10-05,0.23362829917607766
AOI-0067,2023-10-13,0.18836811865073438
AOI-0067,2024-04-01,0.17979612208361251
AOI-0067,2024-04-11,0.22577376435783231
AOI-0067,2024-05-09,0.47374456515945595
AOI-0067,2024-05-24,0.66455640932473614
AOI-0067,2024-07-05,0.28219753469069014
AOI-0067,2024-07-10,0.27449703812240561
AOI-0067,2024-08-29,0.15054746859393908
AOI-0067,2024-09-06,0.15292317072078385
AOI-0067,2024-09-23,0.15408413269597579
AOI-0067,2025-04-17,0.14979097948133066
AOI-0067,2025-04-23,0.24925949732813329
AOI-0067,2025-04-28,0.15145082608208843
AOI-0067,2025-06-05,0.1533708155785507
AOI-0067,2025-06-21,0.23655770802509793
AOI-0067,2025-06-26,0.40471135760135735
AOI-0067,2025-07-05,0.42824988427571881
AOI-0067,2025-07-14,0.41849270595876736
AOI-0067,2025-07-15,0.41190423694773576
AOI-0067,2025-08-06,0.58407407268922029
AOI-0067,2025-09-01,0.41599087264149359
AOI-0067,2025-09-23,0.27986471400024271
AOI-0067,2025-10-03,0.21374933528472004
AOI-0068,2010-04-16,0.17100287578779835
AOI-0068,2010-05-02,0.17648156312722063
AOI-0068,2010-05-09,0.30490808767166205
AOI-0068,2010-06-20,0.1619444765515875
AOI-0068,2010-07-13,0.15893893805219447
AOI-0068,2010-07-14,0.15929956533463557
AOI-0068,2010-07-28,0.20365211111086035
AOI-0068,2010-08-07,0.15776580707502663
AOI-0068,2010-08-29,0.20438875226437653
AOI-0068,2011-04-07,0.48712934445741368
AOI-0068,2011-05-30,0.59780505335165512
AOI-0068,2011-06-15,0.38553961926215125
AOI-0068,2011-06-23,0.27062050478621008
AOI-0068,2011-07-16,0.19180704027304701
AOI-0068,2011-08-09,0.17711792193270026
AOI-0068,2011-09-03,0.16342418619366697
AOI-0068,2012-07-27,0.22173756996808774
AOI-0068,2012-08-03,0.16441611205214055
AOI-0068,2012-10-22,0.18605816112691526
AOI-0068,2013-06-19,0.24645529939668365
AOI-0068,2013-06-27,0.22510042219633083
AOI-0068,2013-07-28,0.25217581390471644
AOI-0068,2014-04-27,0.45209425949688836
AOI-0068,2014-07-28,0.209595223965169
AOI-0068,2014-08-17,0.16196236477351772
AOI-0068,2014-08-25,0.15984802606584789
AOI-0068,2014-10-05,0.1590305748872993
AOI-0068,2014-10-16,0.19472381877564271
AOI-0068,2014-10-29,0.16532579001723963
AOI-0068,2015-06-09,0.33352933258081474
AOI-0068,2015-07-27,0.25296294904855438
AOI-0068,2015-08-04,0.23156114205804446
AOI-0068,2016-05-02,0.3046238387465785
AOI-0068,2016-05-11,0.30208807659659798
AOI-0068,2016-07-14,0.31912034365311348
AOI-0068,2016-08-28,0.30910051478944917
AOI-0068,2016-09-13,0.27686032297067209
AOI-0068,2016-09-29,0.33194979775458744
AOI-0068,2017-05-14,0.5086722781642562
AOI-0068,2017-06-10,0.50652523408102534
AOI-0068,2017-06-22,0.36768121042123958
AOI-0068,2017-06-27,0.27692347855827143
AOI-0068,2017-07-12,0.25561472449824602
AOI-0068,2017-08-02,0.17032009916999
AOI-0068,2017-08-11,0.15961143607279318
AOI-0068,2017-08-13,0.21024432231750442
AOI-0068,2017-09-02,0.16920344262449008
AOI-0068,2017-09-03,0.17041077941835739
AOI-0068,2018-04-28,0.26857546857423653
AOI-0068,2018-05-09,0.38380205363261827
AOI-0068,2018-06-07,0.20212623725840526
AOI-0068,2018-07-11,0.14031328756377079
AOI-0068,2018-08-28,0.14075452926906193
AOI-0068,2018-09-06,0.14281670544047192
AOI-0068,2018-09-21,0.15620761595081512
AOI-0068,2019-05-25,0.62378002786519171
AOI-0068,2019-05-28,0.56167854247589322
AOI-0068,2019-06-28,0.17926087850857825
AOI-0068,2019-08-07,0.20080086992369106
AOI-0068,2019-09-01,0.18548691884102461
AOI-0068,2019-09-05,0.16432991530579952
AOI-0068,2019-09-15,0.16729089113129283
AOI-0068,2019-09-24,0.19784931105351627
AOI-0068,2019-09-25,0.20013830647179051
AOI-0068,2019-09-30,0.29178597517522326
AOI-0068,2019-10-02,0.21764834979586226
AOI-0068,2019-10-25,0.33482114537404245
AOI-0068,2020-04-02,0.31835417149319672
AOI-0068,2020-04-06,0.39819708598594883
AOI-0068,2020-04-12,0.3006205097423103
AOI-0068,2020-04-19,0.27859191233321473
AOI-0068,2020-06-26,0.18550881048285331
AOI-0068,2020-07-27,0.21357073892777351
AOI-0068,2020-07-31,0.13879805415557708
AOI-0068,2020-09-03,0.16855386084368509
AOI-0068,2020-10-05,0.14905142530500809
AOI-0068,2020-10-20,0.15688096282763314
AOI-0068,2021-05-01,0.28129644203598753
AOI-0068,2021-05-16,0.43738748692332274
AOI-0068,2021-06-11,0.45303536601490202
AOI-0068,2021-06-16,0.42278149586185731
AOI-0068,2021-07-19,0.22140170787924224
AOI-0068,2021-07-31,0.19751609228032665
AOI-0068,2021-09-30,0.41987249533812487
AOI-0068,2022-04-02,0.26510761059480337
AOI-0068,2022-04-12,0.34628221530381753
AOI-0068,2022-04-23,0.51039610400675361
AOI-0068,2022-05-12,0.51029639200498578
AOI-0068,2022-05-27,0.3839187095987272
AOI-0068,2022-06-08,0.33325375466796658
AOI-0068,2022-06-20,0.23440869306904388
AOI-0068,2022-07-01,0.18352144792598366
AOI-0068,2022-07-14,0.16348326426383605
AOI-0068,2022-07-30,0.15334944329556718
AOI-0068,2022-08-15,0.15887976980059415
AOI-0068,2023-04-03,0.39679090294223507
AOI-0068,2023-04-17,0.46052402814340804
AOI-0068,2023-05-09,0.64182043209279882
AOI-0068,2023-06-06,0.51877312991631652
AOI-0068,2023-06-30,0.25107215254251602
AOI-0068,2023-07-05,0.24154947838212429
AOI-0068,2023-08-03,0.22716785825226837
AOI-0068,2023-08-13,0.3349714911146861
AOI-0068,2023-09-03,0.33389573224417735
AOI-0068,2023-09-24,0.32459678457652219
AOI-0068,2023-10-06,0.30474624436422504
AOI-0068,2023-10-11,0.28429265534741888
AOI-0068,2024-05-01,0.25971055483332162
AOI-0068,2024-05-09,0.22779981321284229
AOI-0068,2024-06-15,0.15624488763180755
AOI-0068,2024-08-05,0.16672568848260139
AOI-0068,2024-08-09,0.14188510359173889
AOI-0068,2024-08-19,0.15535546087652585
AOI-0068,2024-08-28,0.20585260261572791
AOI-0068,2024-09-08,0.15815098885219789
AOI-0068,2024-09-14,0.18002661018146782
AOI-0068,2024-09-29,0.21933382408636598
AOI-0068,2024-10-13,0.18415237749611418
AOI-0068,2025-05-08,0.69548456505037359
AOI-0068,2025-05-11,0.69082764850413092
AOI-0068,2025-05-20,0.67561754671649266
AOI-0068,2025-06-10,0.47621467793762801
AOI-0068,2025-06-15,0.35994185523742511
AOI-0068,2025-06-17,0.34133842395777991
AOI-0068,2025-06-30,0.22461304124590567
AOI-0068,2025-07-22,0.17870395456881505
AOI-0068,2025-07-28,0.24096945646085977
AOI-0068,2025-08-13,0.24553102450668784
AOI-0068,2025-08-14,0.21414012571692581
AOI-0068,2025-08-23,0.18530000765517457
AOI-0068,2025-08-24,0.1840113485944212
AOI-0068,2025-09-08,0.18596575082432198
AOI-0068,2025-09-14,0.27270595099974709
AOI-0068,2025-09-24,0.20708709024779537
AOI-0069,2025-04-16,0.18202010639973118
AOI-0069,2025-04-21,0.18978506382367544
AOI-0069,2025-04-23,0.2904957198509347
AOI-0069,2025-05-01,0.18718882941729564
AOI-0069,2025-05-11,0.29717600858122456
AOI-0069,2025-05-25,0.48219373977291302
AOI-0069,2025-05-28,0.48202338418125651
AOI-0069,2025-06-10,0.47103288073138022
AOI-0069,2025-06-25,0.31277953755376703
AOI-0069,2025-06-26,0.35360786195426969
AOI-0069,2025-07-05,0.20736598445619484
AOI-0069,2025-07-06,0.22491536014861838
AOI-0069,2025-07-22,0.12382937880341086
AOI-0069,2025-08-07,0.17459006856421183
AOI-0069,2025-08-14,0.15502419391373853
AOI-0069,2025-09-01,0.12567325965150375
AOI-0069,2025-09-14,0.21055814730593014
AOI-0069,2025-09-24,0.17473863544708479
AOI-0069,2025-09-25,0.15850977553106788
AOI-0069,2025-09-28,0.15186634771298163
AOI-0070,2025-05-11,0.28180894369821013
AOI-0070,2025-05-25,0.37634618846855955
AOI-0070,2025-06-07,0.25855692429242727
AOI-0070,2025-06-10,0.28803017260268388
AOI-0070,2025-06-25,0.21942729258314975
AOI-0070,2025-07-12,0.2481017484504634
AOI-0070,2025-08-24,0.1632268184530119
AOI-0070,2025-08-31,0.1537782320993315
AOI-0070,2025-09-25,0.15899384390635057
AOI-0070,2025-10-02,0.16750423806437112
AOI-0070,2025-10-13,0.17953252611245243
AOI-0070,2025-10-23,0.23164939184363309
AOI-0071,2025-04-16,0.32189037189682357
AOI-0071,2025-04-18,0.35196130284658422
AOI-0071,2025-04-21,0.37664040777462182
AOI-0071,2025-05-25,0.44693365226609066
AOI-0071,2025-06-26,0.62283545608299584
AOI-0071,2025-07-06,0.52526707861190602
AOI-0071,2025-07-07,0.51897620463316751
AOI-0071,2025-07-12,0.50307780353926479
AOI-0071,2025-08-13,0.45901476966231236
AOI-0071,2025-08-23,0.39554329671972122
AOI-0071,2025-08-24,0.38909987483439312
AOI-0071,2025-08-26,0.38841212930811814
AOI-0071,2025-08-29,0.40863321980305106
AOI-0071,2025-09-01,0.37456077184529429
AOI-0071,2025-09-15,0.30609814471676383
AOI-0071,2025-09-28,0.30666602988566088
AOI-0072,2025-05-08,0.80160789151242462
AOI-0072,2025-06-04,0.67243716390178776
AOI-0072,2025-07-05,0.16941683488555118
AOI-0072,2025-07-06,0.18576811958476899
AOI-0072,2025-07-14,0.19219442161028216
AOI-0072,2025-07-17,0.17005402804549619
AOI-0072,2025-08-07,0.1820289639989475
AOI-0072,2025-08-19,0.16256602408516518
AOI-0072,2025-08-29,0.23484794269588899
AOI-0072,2025-09-03,0.16073563172433067
AOI-0072,2025-09-15,0.15864471785526152
AOI-0072,2025-09-16,0.15903826889197953
AOI-0072,2025-09-30,0.21797962784400382
AOI-0072,2025-10-03,0.15846634448121028
AOI-0072,2025-10-13,0.15833005022872418
AOI-0073,2010-06-26,0.57834177672010045
AOI-0073,2010-07-12,0.50916619937670315
AOI-0073,2011-04-07,0.27369924863346168
AOI-0073,2011-07-14,0.55559690217335511
AOI-0073,2011-09-14,0.34109532100511908
AOI-0073,2012-04-22,0.49445150869028398
AOI-0073,2012-04-27,0.36331271725336078
AOI-0073,2012-05-24,0.63798727174244474
AOI-0073,2012-09-29,0.27773115998021797
AOI-0073,2013-04-03,0.24686807477155118
AOI-0073,2013-06-10,0.54002672149493136
AOI-0073,2013-06-25,0.5416298742039416
AOI-0073,2013-07-12,0.5268132827496731
AOI-0073,2013-07-28,0.54062902191771967
AOI-0073,2013-09-30,0.43406798473365893
AOI-0073,2014-05-27,0.56912606343236194
AOI-0073,2014-07-12,0.73464561649680138
AOI-0073,2014-07-30,0.61397405651586034
AOI-0073,2014-08-13,0.48765263330696151
AOI-0073,2014-09-14,0.40018336169275182
AOI-0073,2014-10-10,0.27223128803359414
AOI-0073,2015-05-22,0.38308638340887058
AOI-0073,2015-05-30,0.41435000938190675
AOI-0073,2015-06-10,0.55653548781589424
AOI-0073,2015-06-15,0.49650993551191513
AOI-0073,2015-07-01,0.6143545659951658
AOI-0073,2015-07-09,0.62783978048151279
AOI-0073,2015-08-26,0.35299644815668513
AOI-0073,2015-10-05,0.21324985913652106
AOI-0073,2016-04-06,0.4786130717045986
AOI-0073,2017-04-23,0.3182987142767742
AOI-0073,2017-06-04,0.33498451174672461
AOI-0073,2017-06-12,0.4724100110991184
AOI-0073,2017-07-06,0.73525083917174883
AOI-0073,2017-07-18,0.76588851362013866
AOI-0073,2017-08-07,0.67067425023370286
AOI-0073,2017-08-12,0.65530289301385336
AOI-0073,2017-10-11,0.26915849817533882
AOI-0073,2017-10-16,0.31699144917669486
AOI-0073,2018-04-16,0.1689748954517033
AOI-0073,2019-05-17,0.2550457246633448
AOI-0073,2019-05-19,0.25637811592477433
AOI-0073,2019-06-03,0.51279186489264128
AOI-0073,2019-07-13,0.69306447505016278
AOI-0073,2019-08-07,0.62987360651473601
AOI-0073,2019-08-12,0.55897556979608598
AOI-0073,2019-09-06,0.32587658470942382
AOI-0073,2019-09-11,0.32663480884193796
AOI-0073,2019-09-15,0.27853423240171682
AOI-0073,2019-09-16,0.27459855856062126
AOI-0073,2019-09-28,0.27526740006463335
AOI-0073,2019-10-16,0.27913921409424203
AOI-0073,2019-10-26,0.21775802535092775
AOI-0073,2020-04-05,0.17933103179544702
AOI-0073,2020-04-15,0.18432950761647496
AOI-0073,2020-04-22,0.44286794873735436
AOI-0073,2020-05-18,0.62331629469474115
AOI-0073,2020-07-04,0.32951967430021972
AOI-0073,2020-07-06,0.33430068727083373
AOI-0073,2020-07-24,0.19695470449726435
AOI-0073,2020-07-29,0.18206008248604372
AOI-0073,2020-08-12,0.24364089459930191
AOI-0073,2020-09-01,0.1973255647868867
AOI-0073,2020-09-20,0.17114469479910382
AOI-0073,2020-10-20,0.17323510452655877
AOI-0073,2020-10-26,0.17663961059851738
AOI-0073,2021-05-06,0.24508875441217612
AOI-0073,2021-05-13,0.23262163552689513
AOI-0073,2021-05-15,0.23067444181809238
AOI-0073,2021-06-29,0.65838309041256915
AOI-0073,2021-07-25,0.74407081933166241
AOI-0073,2021-08-02,0.69048116972958418
AOI-0073,2021-09-07,0.33351785589823935
AOI-0073,2021-09-14,0.32820535267474799
AOI-0073,2021-09-15,0.29098155834965
AOI-0073,2022-04-23,0.32233950448183257
AOI-0073,2022-04-25,0.21381194056573988
AOI-0073,2022-06-04,0.26770893557224762
AOI-0073,2022-06-07,0.24914686002570557
AOI-0073,2022-06-09,0.26726030246241106
AOI-0073,2022-06-14,0.39275857561778271
AOI-0073,2022-07-05,0.75817823933273687
AOI-0073,2022-07-07,0.75438349122978787
AOI-0073,2022-09-10,0.35943171939521529
AOI-0073,2022-09-30,0.35019319965257001
AOI-0073,2023-04-02,0.14222498998649852
AOI-0073,2023-04-28,0.28876573149599361
AOI-0073,2023-05-03,0.29300395602067442
AOI-0073,2023-05-05,0.29194147526365544
AOI-0073,2023-05-13,0.32362182268998996
AOI-0073,2023-06-04,0.53415918807115337
AOI-0073,2023-06-07,0.53951004361104349
AOI-0073,2023-07-25,0.29172942097586718
AOI-0073,2023-07-31,0.27192185709551675
AOI-0073,2023-08-06,0.21805154964506127
AOI-0073,2023-08-16,0.23645578821158028
AOI-0073,2023-08-28,0.24515036255686429
AOI-0073,2023-09-07,0.23273617955629816
AOI-0073,2023-09-12,0.22498056940669361
AOI-0073,2023-09-29,0.21950673166757689
AOI-0073,2023-10-11,0.23551824239511018
AOI-0073,2023-10-15,0.25541809319218028
AOI-0073,2024-04-14,0.47226226945599004
AOI-0073,2024-04-20,0.53957007921295519
AOI-0073,2024-05-06,0.6162886779058484
AOI-0073,2024-05-07,0.62003452754698385
AOI-0073,2024-06-23,0.39753064569685909
AOI-0073,2024-07-03,0.26941772529139163
AOI-0073,2024-07-11,0.34479762561499822
AOI-0073,2024-07-13,0.28617996819754959
AOI-0073,2024-07-21,0.22373215915025269
AOI-0073,2024-07-25,0.24841600918812262
AOI-0073,2024-08-12,0.2474594004294032
AOI-0073,2024-08-28,0.24517750382215714
AOI-0073,2024-09-01,0.20817480900804067
AOI-0073,2024-09-13,0.23803817743586234
AOI-0073,2024-09-29,0.22292005039324742
AOI-0073,2025-04-07,0.26767493008675824
AOI-0073,2025-04-15,0.2374608954201986
AOI-0073,2025-04-19,0.23594250118448851
AOI-0073,2025-04-22,0.25227768805477796
AOI-0073,2025-04-23,0.29628239501858283
AOI-0073,2025-04-29,0.18901376155905489
AOI-0073,2025-05-11,0.23069075719725551
AOI-0073,2025-05-22,0.21340092202598479
AOI-0073,2025-05-29,0.24131976194275961
AOI-0073,2025-06-03,0.31173293829999676
AOI-0073,2025-06-30,0.78966088439407944
AOI-0073,2025-07-06,0.80479447186449915
AOI-0073,2025-07-08,0.80241396850670776
AOI-0073,2025-07-28,0.69838555712222239
AOI-0073,2025-08-05,0.69806555261404624
AOI-0073,2025-08-07,0.68932056459528712
AOI-0073,2025-08-22,0.47493946548550614
AOI-0073,2025-08-27,0.44010905584224996
AOI-0073,2025-09-22,0.30156045671225729
AOI-0074,2010-07-12,0.33484611021714472
AOI-0074,2010-08-29,0.30085113418703113
AOI-0074,2011-05-27,0.32037013537820669
AOI-0074,2011-06-20,0.62554169333839638
AOI-0074,2011-06-26,0.70755681342248034
AOI-0074,2011-07-06,0.72706957479440992
AOI-0074,2011-09-24,0.32434431959557053
AOI-0074,2013-06-25,0.45472224420414425
AOI-0074,2013-07-03,0.36152677659425014
AOI-0074,2013-07-11,0.33281799432897602
AOI-0074,2013-08-13,0.32187760039356894
AOI-0074,2014-07-14,0.75593946418300551
AOI-0074,2014-07-28,0.68635592881848917
AOI-0074,2014-09-14,0.33602133652379357
AOI-0074,2014-10-16,0.26916473687923803
AOI-0074,2015-04-23,0.3505166400534715
AOI-0074,2015-04-28,0.22872974302195109
AOI-0074,2015-07-25,0.65161341461420252
AOI-0074,2015-10-16,0.2421318959026928
AOI-0074,2015-10-29,0.20794293515654538
AOI-0074,2016-08-12,0.31338403925026276
AOI-0074,2016-08-20,0.25582048652322031
AOI-0074,2017-04-23,0.31630448162674196
AOI-0074,2017-05-04,0.24189896381568948
AOI-0074,2017-05-06,0.25169623566302635
AOI-0074,2017-06-04,0.38053192617203535
AOI-0074,2017-06-05,0.38990541375631182
AOI-0074,2017-06-10,0.53565350487554342
AOI-0074,2017-06-20,0.6197847165183159
AOI-0074,2017-06-26,0.73257355629898169
AOI-0074,2017-07-18,0.76046836738197965
AOI-0074,2017-08-07,0.65722690705118358
AOI-0074,2017-08-17,0.53001174514357852
AOI-0074,2017-09-16,0.28783346427688589
AOI-0074,2017-10-11,0.2497190816278973
AOI-0074,2017-10-16,0.30215498237752059
AOI-0074,2018-04-04,0.17597183288759455
AOI-0074,2018-04-23,0.32244139267399907
AOI-0074,2018-05-06,0.26763344637877029
AOI-0074,2018-05-11,0.33708702130595225
AOI-0074,2018-05-22,0.39446449317133686
AOI-0074,2018-05-26,0.38914936494243335
AOI-0074,2018-05-30,0.39621290119471031
AOI-0074,2018-07-13,0.70937347667686312
AOI-0074,2018-08-18,0.74054073676231613
AOI-0074,2018-09-14,0.37922179171141573
AOI-0074,2018-09-19,0.32167713004730469
AOI-0074,2018-09-30,0.33733575888380041
AOI-0074,2019-04-23,0.29551296126395821
AOI-0074,2019-05-04,0.19553173681365707
AOI-0074,2019-05-14,0.24122298818284443
AOI-0074,2019-05-16,0.24250854648845821
AOI-0074,2019-05-31,0.46390739129961184
AOI-0074,2019-06-13,0.66991719251127724
AOI-0074,2019-07-13,0.69491906019189553
AOI-0074,2019-08-05,0.52896026972188936
AOI-0074,2019-08-09,0.54942987703650437
AOI-0074,2019-09-14,0.3099579530786204
AOI-0074,2020-04-09,0.16829199797963199
AOI-0074,2020-07-06,0.28024829839107762
AOI-0074,2020-07-22,0.20662789197259537
AOI-0074,2020-08-07,0.17671394341464866
AOI-0074,2020-08-26,0.19905537435985429
AOI-0074,2020-09-07,0.19250718281005819
AOI-0074,2020-09-08,0.1935037029521216
AOI-0074,2020-09-12,0.19812727915678427
AOI-0074,2020-10-07,0.15421311948078051
AOI-0074,2020-10-12,0.14996640198463579
AOI-0074,2020-10-18,0.19500462882115172
AOI-0074,2020-10-22,0.15977320931194167
AOI-0074,2021-04-25,0.20017748957369655
AOI-0074,2021-06-23,0.59830500157954014
AOI-0074,2021-06-27,0.67280139168774511
AOI-0074,2021-07-17,0.70306313722500102
AOI-0074,2021-08-03,0.58225002563793848
AOI-0074,2021-08-06,0.5574553098092061
AOI-0074,2021-08-19,0.43346045583593362
AOI-0074,2021-09-03,0.25800125830120368
AOI-0074,2021-10-06,0.21038720223486035
AOI-0074,2021-10-17,0.2332022261784602
AOI-0074,2021-10-20,0.22285581169709287
AOI-0074,2021-10-27,0.22028038609939654
AOI-0074,2022-05-30,0.24040089985335611
AOI-0074,2022-07-12,0.72419910112011554
AOI-0074,2022-08-29,0.50400794794444492
AOI-0074,2022-10-16,0.28871332621975371
AOI-0074,2023-04-28,0.25093458561117771
AOI-0074,2023-05-30,0.393750347647979
AOI-0074,2023-06-09,0.55479654237866827
AOI-0074,2023-06-19,0.43356377645377275
AOI-0074,2023-07-14,0.28811000499578016
AOI-0074,2023-08-16,0.2323479261836173
AOI-0074,2023-09-14,0.25816984682790944
AOI-0074,2023-10-11,0.23799528391076297
AOI-0074,2024-04-17,0.4645150677579245
AOI-0074,2024-05-08,0.65480678687379712
AOI-0074,2024-05-09,0.63612247792221155
AOI-0074,2024-06-06,0.54459295819347597
AOI-0074,2024-07-08,0.27328319634335169
AOI-0074,2024-07-18,0.25479979825562427
AOI-0074,2024-07-27,0.26438422504113074
AOI-0074,2024-08-12,0.23819122015390917
AOI-0074,2024-08-28,0.24871801857135711
AOI-0074,2024-09-04,0.19031126318701702
AOI-0074,2024-09-09,0.19350733669835088
AOI-0074,2025-04-07,0.26715228584565076
AOI-0074,2025-04-15,0.16643254587836726
AOI-0074,2025-05-12,0.22577264812272657
AOI-0074,2025-05-14,0.20614764505164127
AOI-0074,2025-06-01,0.31797764039061188
AOI-0074,2025-06-10,0.62193168152104938
AOI-0074,2025-07-06,0.79989778190824712
AOI-0074,2025-07-16,0.66609812085904663
AOI-0074,2025-08-05,0.67260367137097565
AOI-0074,2025-08-19,0.49477064739296933
AOI-0074,2025-09-08,0.28055144493715867
AOI-0074,2025-09-22,0.26872964001465299
AOI-0074,2025-10-01,0.21958134873559004
AOI-0074,2025-10-26,0.20507970877769363
AOI-0075,2025-04-07,0.34669542413026855
AOI-0075,2025-04-12,0.24012342051751329
AOI-0075,2025-07-12,0.61709764668594869
AOI-0075,2025-07-18,0.54803625986435245
AOI-0075,2025-08-21,0.49494769773959701
AOI-0075,2025-08-30,0.44732293541882501
AOI-0075,2025-09-08,0.4331063667052979
AOI-0075,2025-09-16,0.29972609683168505
AOI-0075,2025-09-21,0.29065952828975894
AOI-0075,2025-10-29,0.34313170477466265
AOI-0076,2025-04-19,0.18805856888569378
AOI-0076,2025-05-01,0.24333016708443878
AOI-0076,2025-05-11,0.27232307575931608
AOI-0076,2025-05-25,0.55610085367314688
AOI-0076,2025-07-10,0.81751508440162357
AOI-0076,2025-07-31,0.73322520433913529
AOI-0076,2025-08-21,0.40683845831203508
AOI-0076,2025-08-27,0.36126363760413904
AOI-0076,2025-09-01,0.31886245294758686
AOI-0076,2025-09-21,0.25507561746852908
AOI-0076,2025-09-22,0.25592738921902619
AOI-0076,2025-10-01,0.21184593892133971
AOI-0076,2025-10-04,0.2110423393305394
AOI-0077,2025-05-09,0.77961841899030737
AOI-0077,2025-06-06,0.58933690643598879
AOI-0077,2025-06-21,0.44821723716403117
AOI-0077,2025-07-12,0.32719080964807912
AOI-0077,2025-08-22,0.17803369376869183
AOI-0077,2025-08-27,0.18006852504093607
AOI-0077,2025-08-30,0.22681203041559228
AOI-0077,2025-09-11,0.20388608578355033
AOI-0077,2025-09-22,0.21206264542103992
AOI-0078,2025-05-02,0.87284649756477461
AOI-0078,2025-05-25,0.79355552657628747
AOI-0078,2025-06-01,0.68640250329021102
AOI-0078,2025-06-03,0.69017560388366728
AOI-0078,2025-06-06,0.70420590292677654
AOI-0078,2025-06-10,0.65017998320314474
AOI-0078,2025-07-04,0.2197719697233213
AOI-0078,2025-07-10,0.19457276431220097
AOI-0078,2025-07-11,0.19819839767158223
AOI-0078,2025-07-13,0.19021895333435435
AOI-0078,2025-08-10,0.17295398470085896
AOI-0078,2025-08-15,0.179028972049422
AOI-0078,2025-09-08,0.18364185758345841
AOI-0078,2025-10-04,0.21394076668148423
